/*
 Navicat Premium Data Transfer

 Source Server         : project
 Source Server Type    : MySQL
 Source Server Version : 50724
 Source Host           : localhost:3306
 Source Schema         : spk_dosenpembimbing

 Target Server Type    : MySQL
 Target Server Version : 50724
 File Encoding         : 65001

 Date: 06/12/2020 21:19:09
*/

SET NAMES utf8mb4;
SET FOREIGN_KEY_CHECKS = 0;

-- ----------------------------
-- Table structure for pw_kriteria
-- ----------------------------
DROP TABLE IF EXISTS `pw_kriteria`;
CREATE TABLE `pw_kriteria`  (
  `id` int(11) NOT NULL,
  `pw1` varchar(5) CHARACTER SET latin1 COLLATE latin1_swedish_ci NOT NULL,
  `pw2` varchar(5) CHARACTER SET latin1 COLLATE latin1_swedish_ci NOT NULL,
  `pw3` varchar(5) CHARACTER SET latin1 COLLATE latin1_swedish_ci NOT NULL,
  `pw4` varchar(5) CHARACTER SET latin1 COLLATE latin1_swedish_ci NOT NULL,
  `pw5` varchar(5) CHARACTER SET latin1 COLLATE latin1_swedish_ci NOT NULL,
  `pw6` varchar(5) CHARACTER SET latin1 COLLATE latin1_swedish_ci NOT NULL
) ENGINE = InnoDB CHARACTER SET = latin1 COLLATE = latin1_swedish_ci ROW_FORMAT = Dynamic;

-- ----------------------------
-- Records of pw_kriteria
-- ----------------------------
INSERT INTO `pw_kriteria` VALUES (0, '0.36', '0.18', '0.05', '', '', '');
INSERT INTO `pw_kriteria` VALUES (0, '0.36', '0.18', '0.05', '', '', '');
INSERT INTO `pw_kriteria` VALUES (0, '0.36', '0.18', '0.05', '', '', '');
INSERT INTO `pw_kriteria` VALUES (0, '0.36', '0.18', '0.05', '', '', '');
INSERT INTO `pw_kriteria` VALUES (0, '0.36', '0.18', '0.05', '', '', '');
INSERT INTO `pw_kriteria` VALUES (0, '0.36', '0.18', '0.05', '', '', '');
INSERT INTO `pw_kriteria` VALUES (0, '0.36', '0.18', '0.05', '', '', '');
INSERT INTO `pw_kriteria` VALUES (0, '0.36', '0.18', '0.05', '', '', '');
INSERT INTO `pw_kriteria` VALUES (0, '0.36', '0.18', '0.05', '', '', '');
INSERT INTO `pw_kriteria` VALUES (0, '0.36', '0.18', '0.05', '', '', '');
INSERT INTO `pw_kriteria` VALUES (0, '0.36', '0.18', '0.05', '', '', '');
INSERT INTO `pw_kriteria` VALUES (0, '0.36', '0.18', '0.05', '', '', '');
INSERT INTO `pw_kriteria` VALUES (0, '0.36', '0.18', '0.05', '', '', '');
INSERT INTO `pw_kriteria` VALUES (0, '0.36', '0.18', '0.05', '', '', '');
INSERT INTO `pw_kriteria` VALUES (0, '0.36', '0.18', '0.05', '', '', '');
INSERT INTO `pw_kriteria` VALUES (0, '0.33', '0.21', '0.07', '', '', '');
INSERT INTO `pw_kriteria` VALUES (0, '0.33', '0.21', '0.07', '', '', '');
INSERT INTO `pw_kriteria` VALUES (0, '0.29', '0.19', '0.12', '', '', '');
INSERT INTO `pw_kriteria` VALUES (0, '0.33', '0.13', '0.14', '', '', '');
INSERT INTO `pw_kriteria` VALUES (0, 'NAN', 'NAN', 'NAN', '', '', '');
INSERT INTO `pw_kriteria` VALUES (0, '0.24', '0.34', '0.17', '0.12', '0.1', '0.04');
INSERT INTO `pw_kriteria` VALUES (0, '0.38', '0.21', '0.2', '0.11', '0.08', '0.04');
INSERT INTO `pw_kriteria` VALUES (0, '0.38', '0.21', '0.2', '0.11', '0.08', '0.04');
INSERT INTO `pw_kriteria` VALUES (0, '0.38', '0.21', '0.2', '0.11', '0.08', '0.04');
INSERT INTO `pw_kriteria` VALUES (0, '0.46', '0.23', '0.15', '0.1', '0.05', '0.02');
INSERT INTO `pw_kriteria` VALUES (0, '0.35', '0.23', '0.17', '0.09', '0.12', '0.05');
INSERT INTO `pw_kriteria` VALUES (0, '0.23', '0.39', '0.21', '0.09', '0.05', '0.03');
INSERT INTO `pw_kriteria` VALUES (0, '0.23', '0.39', '0.21', '0.09', '0.05', '0.03');
INSERT INTO `pw_kriteria` VALUES (0, '0.23', '0.39', '0.21', '0.09', '0.05', '0.03');
INSERT INTO `pw_kriteria` VALUES (0, '0.4', '0.21', '0.16', '0.1', '0.1', '0.02');
INSERT INTO `pw_kriteria` VALUES (0, '0.4', '0.21', '0.16', '0.1', '0.1', '0.02');
INSERT INTO `pw_kriteria` VALUES (0, '0.4', '0.21', '0.16', '0.1', '0.1', '0.02');
INSERT INTO `pw_kriteria` VALUES (0, '0.4', '0.21', '0.16', '0.1', '0.1', '0.02');
INSERT INTO `pw_kriteria` VALUES (0, '0.4', '0.21', '0.16', '0.1', '0.1', '0.02');
INSERT INTO `pw_kriteria` VALUES (0, '0.4', '0.21', '0.16', '0.1', '0.1', '0.02');
INSERT INTO `pw_kriteria` VALUES (0, '0.4', '0.21', '0.16', '0.1', '0.1', '0.02');
INSERT INTO `pw_kriteria` VALUES (0, '0.4', '0.21', '0.16', '0.1', '0.1', '0.02');
INSERT INTO `pw_kriteria` VALUES (0, '0.4', '0.21', '0.16', '0.1', '0.1', '0.02');
INSERT INTO `pw_kriteria` VALUES (0, '0.4', '0.21', '0.16', '0.1', '0.1', '0.02');
INSERT INTO `pw_kriteria` VALUES (0, '0.4', '0.21', '0.16', '0.1', '0.1', '0.02');
INSERT INTO `pw_kriteria` VALUES (0, '0.4', '0.21', '0.16', '0.1', '0.1', '0.02');
INSERT INTO `pw_kriteria` VALUES (0, '0.4', '0.21', '0.16', '0.1', '0.1', '0.02');
INSERT INTO `pw_kriteria` VALUES (0, '0.4', '0.21', '0.16', '0.1', '0.1', '0.02');
INSERT INTO `pw_kriteria` VALUES (0, '0.4', '0.21', '0.16', '0.1', '0.1', '0.02');
INSERT INTO `pw_kriteria` VALUES (0, '0.4', '0.21', '0.16', '0.1', '0.1', '0.02');
INSERT INTO `pw_kriteria` VALUES (0, '0.4', '0.21', '0.16', '0.1', '0.1', '0.02');
INSERT INTO `pw_kriteria` VALUES (0, '0.36', '0.18', '0.05', '', '', '');
INSERT INTO `pw_kriteria` VALUES (0, '0.36', '0.18', '0.05', '', '', '');
INSERT INTO `pw_kriteria` VALUES (0, '0.36', '0.18', '0.05', '', '', '');
INSERT INTO `pw_kriteria` VALUES (0, '0.36', '0.18', '0.05', '', '', '');
INSERT INTO `pw_kriteria` VALUES (0, '0.36', '0.18', '0.05', '', '', '');
INSERT INTO `pw_kriteria` VALUES (0, '0.36', '0.18', '0.05', '', '', '');
INSERT INTO `pw_kriteria` VALUES (0, '0.36', '0.18', '0.05', '', '', '');
INSERT INTO `pw_kriteria` VALUES (0, '0.36', '0.18', '0.05', '', '', '');
INSERT INTO `pw_kriteria` VALUES (0, '0.36', '0.18', '0.05', '', '', '');
INSERT INTO `pw_kriteria` VALUES (0, '0.36', '0.18', '0.05', '', '', '');
INSERT INTO `pw_kriteria` VALUES (0, '0.36', '0.18', '0.05', '', '', '');
INSERT INTO `pw_kriteria` VALUES (0, '0.36', '0.18', '0.05', '', '', '');
INSERT INTO `pw_kriteria` VALUES (0, '0.36', '0.18', '0.05', '', '', '');
INSERT INTO `pw_kriteria` VALUES (0, '0.36', '0.18', '0.05', '', '', '');
INSERT INTO `pw_kriteria` VALUES (0, '0.36', '0.18', '0.05', '', '', '');
INSERT INTO `pw_kriteria` VALUES (0, '0.33', '0.21', '0.07', '', '', '');
INSERT INTO `pw_kriteria` VALUES (0, '0.33', '0.21', '0.07', '', '', '');
INSERT INTO `pw_kriteria` VALUES (0, '0.29', '0.19', '0.12', '', '', '');
INSERT INTO `pw_kriteria` VALUES (0, '0.33', '0.13', '0.14', '', '', '');
INSERT INTO `pw_kriteria` VALUES (0, 'NAN', 'NAN', 'NAN', '', '', '');
INSERT INTO `pw_kriteria` VALUES (0, '0.24', '0.34', '0.17', '0.12', '0.1', '0.04');
INSERT INTO `pw_kriteria` VALUES (0, '0.38', '0.21', '0.2', '0.11', '0.08', '0.04');
INSERT INTO `pw_kriteria` VALUES (0, '0.38', '0.21', '0.2', '0.11', '0.08', '0.04');
INSERT INTO `pw_kriteria` VALUES (0, '0.38', '0.21', '0.2', '0.11', '0.08', '0.04');
INSERT INTO `pw_kriteria` VALUES (0, '0.46', '0.23', '0.15', '0.1', '0.05', '0.02');
INSERT INTO `pw_kriteria` VALUES (0, '0.35', '0.23', '0.17', '0.09', '0.12', '0.05');
INSERT INTO `pw_kriteria` VALUES (0, '0.23', '0.39', '0.21', '0.09', '0.05', '0.03');
INSERT INTO `pw_kriteria` VALUES (0, '0.23', '0.39', '0.21', '0.09', '0.05', '0.03');
INSERT INTO `pw_kriteria` VALUES (0, '0.23', '0.39', '0.21', '0.09', '0.05', '0.03');
INSERT INTO `pw_kriteria` VALUES (0, '0.4', '0.21', '0.16', '0.1', '0.1', '0.02');
INSERT INTO `pw_kriteria` VALUES (0, '0.4', '0.21', '0.16', '0.1', '0.1', '0.02');
INSERT INTO `pw_kriteria` VALUES (0, '0.4', '0.21', '0.16', '0.1', '0.1', '0.02');
INSERT INTO `pw_kriteria` VALUES (0, '0.4', '0.21', '0.16', '0.1', '0.1', '0.02');
INSERT INTO `pw_kriteria` VALUES (0, '0.4', '0.21', '0.16', '0.1', '0.1', '0.02');
INSERT INTO `pw_kriteria` VALUES (0, '0.4', '0.21', '0.16', '0.1', '0.1', '0.02');
INSERT INTO `pw_kriteria` VALUES (0, '0.4', '0.21', '0.16', '0.1', '0.1', '0.02');
INSERT INTO `pw_kriteria` VALUES (0, '0.4', '0.21', '0.16', '0.1', '0.1', '0.02');
INSERT INTO `pw_kriteria` VALUES (0, '0.4', '0.21', '0.16', '0.1', '0.1', '0.02');
INSERT INTO `pw_kriteria` VALUES (0, '0.4', '0.21', '0.16', '0.1', '0.1', '0.02');
INSERT INTO `pw_kriteria` VALUES (0, '0.4', '0.21', '0.16', '0.1', '0.1', '0.02');
INSERT INTO `pw_kriteria` VALUES (0, '0.4', '0.21', '0.16', '0.1', '0.1', '0.02');
INSERT INTO `pw_kriteria` VALUES (0, '0.4', '0.21', '0.16', '0.1', '0.1', '0.02');
INSERT INTO `pw_kriteria` VALUES (0, '0.4', '0.21', '0.16', '0.1', '0.1', '0.02');
INSERT INTO `pw_kriteria` VALUES (0, '0.4', '0.21', '0.16', '0.1', '0.1', '0.02');
INSERT INTO `pw_kriteria` VALUES (0, '0.4', '0.21', '0.16', '0.1', '0.1', '0.02');
INSERT INTO `pw_kriteria` VALUES (0, '0.4', '0.21', '0.16', '0.1', '0.1', '0.02');

-- ----------------------------
-- Table structure for tb_alternatif
-- ----------------------------
DROP TABLE IF EXISTS `tb_alternatif`;
CREATE TABLE `tb_alternatif`  (
  `id_data` varchar(7) CHARACTER SET latin1 COLLATE latin1_swedish_ci NOT NULL,
  `nip` varchar(50) CHARACTER SET latin1 COLLATE latin1_swedish_ci NOT NULL,
  `nama_alternatif` varchar(50) CHARACTER SET latin1 COLLATE latin1_swedish_ci NOT NULL,
  PRIMARY KEY (`id_data`) USING BTREE,
  INDEX `nip`(`nip`) USING BTREE,
  CONSTRAINT `tb_alternatif_ibfk_1` FOREIGN KEY (`nip`) REFERENCES `tb_datadosen` (`nip`) ON DELETE CASCADE ON UPDATE CASCADE
) ENGINE = InnoDB CHARACTER SET = latin1 COLLATE = latin1_swedish_ci ROW_FORMAT = Dynamic;

-- ----------------------------
-- Records of tb_alternatif
-- ----------------------------
INSERT INTO `tb_alternatif` VALUES ('dta-001', '00100116503', 'Dr. Nasrullah, M.Si.');
INSERT INTO `tb_alternatif` VALUES ('dta-002', '0010037501', 'Dr. Abdul Latief Arda, M.Si., M.Kom.');
INSERT INTO `tb_alternatif` VALUES ('dta-003', '0031026703', 'Dra. Najirah Umar, S.Kom., MT.');
INSERT INTO `tb_alternatif` VALUES ('dta-004', '0901068902', 'Matalangi., S.Kom., M.Kom.');
INSERT INTO `tb_alternatif` VALUES ('dta-005', '0903127202', 'Guntur, S.Kom., MT.');
INSERT INTO `tb_alternatif` VALUES ('dta-006', '0913058901', 'Billy Eden William Asrul, S.Kom., MT.');
INSERT INTO `tb_alternatif` VALUES ('dta-007', '0914058403', 'Dr.Eng. Yuyun, S.Kom.MT.');
INSERT INTO `tb_alternatif` VALUES ('dta-008', '0920087704', 'Muhammad Risal., S.Kom., MT.');
INSERT INTO `tb_alternatif` VALUES ('dta-009', '0927038102', 'Mirfan, S.Kom., MT., M.Kom.');
INSERT INTO `tb_alternatif` VALUES ('dta-010', '0928038902', 'Muhammad Akbar., S.Kom., M.Kom.');

-- ----------------------------
-- Table structure for tb_datadosen
-- ----------------------------
DROP TABLE IF EXISTS `tb_datadosen`;
CREATE TABLE `tb_datadosen`  (
  `nip` varchar(15) CHARACTER SET latin1 COLLATE latin1_swedish_ci NOT NULL,
  `nama_dosen` varchar(50) CHARACTER SET latin1 COLLATE latin1_swedish_ci NOT NULL,
  `golongan` varchar(15) CHARACTER SET latin1 COLLATE latin1_swedish_ci NOT NULL,
  `jabatan_fungsional` varchar(50) CHARACTER SET latin1 COLLATE latin1_swedish_ci NOT NULL,
  `jabatan_struktural` varchar(50) CHARACTER SET latin1 COLLATE latin1_swedish_ci NOT NULL,
  `pendidikan` varchar(24) CHARACTER SET latin1 COLLATE latin1_swedish_ci NOT NULL,
  `keahlian` varchar(50) CHARACTER SET latin1 COLLATE latin1_swedish_ci NOT NULL,
  `kuota_bimbingan` varchar(50) CHARACTER SET latin1 COLLATE latin1_swedish_ci NULL DEFAULT NULL,
  PRIMARY KEY (`nip`) USING BTREE,
  INDEX `jabatan_fungsional`(`jabatan_fungsional`) USING BTREE,
  INDEX `jabatan_struktural`(`jabatan_struktural`) USING BTREE,
  INDEX `keahlian`(`keahlian`) USING BTREE,
  INDEX `golongan`(`golongan`) USING BTREE,
  INDEX `pendidikan`(`pendidikan`) USING BTREE,
  INDEX `kuota_bimbingan`(`kuota_bimbingan`) USING BTREE,
  CONSTRAINT `tb_datadosen_ibfk_1` FOREIGN KEY (`jabatan_fungsional`) REFERENCES `tb_jafung` (`id_jafung`) ON DELETE RESTRICT ON UPDATE CASCADE,
  CONSTRAINT `tb_datadosen_ibfk_2` FOREIGN KEY (`keahlian`) REFERENCES `tb_keahlian` (`id_keahlian`) ON DELETE RESTRICT ON UPDATE CASCADE,
  CONSTRAINT `tb_datadosen_ibfk_3` FOREIGN KEY (`jabatan_struktural`) REFERENCES `tb_jstruktural` (`id_jstruktural`) ON DELETE RESTRICT ON UPDATE CASCADE,
  CONSTRAINT `tb_datadosen_ibfk_4` FOREIGN KEY (`golongan`) REFERENCES `tb_golongan` (`kd_golongan`) ON DELETE RESTRICT ON UPDATE RESTRICT,
  CONSTRAINT `tb_datadosen_ibfk_5` FOREIGN KEY (`pendidikan`) REFERENCES `tb_pendidikan` (`id_pendidikan`) ON DELETE RESTRICT ON UPDATE CASCADE,
  CONSTRAINT `tb_datadosen_ibfk_6` FOREIGN KEY (`kuota_bimbingan`) REFERENCES `tb_kubim` (`id_kubim`) ON DELETE RESTRICT ON UPDATE RESTRICT
) ENGINE = InnoDB CHARACTER SET = latin1 COLLATE = latin1_swedish_ci ROW_FORMAT = Dynamic;

-- ----------------------------
-- Records of tb_datadosen
-- ----------------------------
INSERT INTO `tb_datadosen` VALUES ('00100116503', 'Dr. Nasrullah, M.Si.', 'ID_GOL-06', 'ID_JAFUNG-03', 'ID_JSTRUKTURAL-02', 'ID_PENDIDIKAN-01', 'ID_KEAHLIAN-06', 'ID_KUOTA-09');
INSERT INTO `tb_datadosen` VALUES ('0010037501', 'Dr. Abdul Latief Arda, M.Si., M.Kom.', 'ID_GOL-07', 'ID_JAFUNG-03', 'ID_JSTRUKTURAL-03', 'ID_PENDIDIKAN-01', 'ID_KEAHLIAN-02', 'ID_KUOTA-08');
INSERT INTO `tb_datadosen` VALUES ('0031026703', 'Dra. Najirah Umar, S.Kom., MT.', 'ID_GOL-06', 'ID_JAFUNG-03', 'ID_JSTRUKTURAL-03', 'ID_PENDIDIKAN-02', 'ID_KEAHLIAN-01', 'ID_KUOTA-08');
INSERT INTO `tb_datadosen` VALUES ('0901068902', 'Matalangi., S.Kom., M.Kom.', 'ID_GOL-08', 'ID_JAFUNG-04', 'ID_JSTRUKTURAL-03', 'ID_PENDIDIKAN-02', 'ID_KEAHLIAN-02', 'ID_KUOTA-01');
INSERT INTO `tb_datadosen` VALUES ('0903127202', 'Guntur, S.Kom., MT.', 'ID_GOL-08', 'ID_JAFUNG-04', 'ID_JSTRUKTURAL-03', 'ID_PENDIDIKAN-02', 'ID_KEAHLIAN-02', 'ID_KUOTA-03');
INSERT INTO `tb_datadosen` VALUES ('0913058901', 'Billy Eden William Asrul, S.Kom., MT.', 'ID_GOL-09', 'ID_JAFUNG-04', 'ID_JSTRUKTURAL-03', 'ID_PENDIDIKAN-02', 'ID_KEAHLIAN-07', 'ID_KUOTA-10');
INSERT INTO `tb_datadosen` VALUES ('0914058403', 'Dr.Eng. Yuyun, S.Kom.MT.', 'ID_GOL-09', 'ID_JAFUNG-03', 'ID_JSTRUKTURAL-02', 'ID_PENDIDIKAN-01', 'ID_KEAHLIAN-06', 'ID_KUOTA-02');
INSERT INTO `tb_datadosen` VALUES ('0920087704', 'Muhammad Risal., S.Kom., MT.', 'ID_GOL-07', 'ID_JAFUNG-03', 'ID_JSTRUKTURAL-03', 'ID_PENDIDIKAN-02', 'ID_KEAHLIAN-03', 'ID_KUOTA-03');
INSERT INTO `tb_datadosen` VALUES ('0927038102', 'Mirfan, S.Kom., MT., M.Kom.', 'ID_GOL-08', 'ID_JAFUNG-03', 'ID_JSTRUKTURAL-02', 'ID_PENDIDIKAN-02', 'ID_KEAHLIAN-06', 'ID_KUOTA-07');
INSERT INTO `tb_datadosen` VALUES ('0928038902', 'Muhammad Akbar., S.Kom., M.Kom.', 'ID_GOL-08', 'ID_JAFUNG-04', 'ID_JSTRUKTURAL-03', 'ID_PENDIDIKAN-02', 'ID_KEAHLIAN-02', 'ID_KUOTA-02');

-- ----------------------------
-- Table structure for tb_datamhs
-- ----------------------------
DROP TABLE IF EXISTS `tb_datamhs`;
CREATE TABLE `tb_datamhs`  (
  `npm` varchar(12) CHARACTER SET latin1 COLLATE latin1_swedish_ci NOT NULL,
  `nama_mahasiswa` varchar(30) CHARACTER SET latin1 COLLATE latin1_swedish_ci NOT NULL,
  `tlp` varchar(13) CHARACTER SET latin1 COLLATE latin1_swedish_ci NOT NULL,
  `judul` text CHARACTER SET latin1 COLLATE latin1_swedish_ci NOT NULL,
  `jurusan` varchar(20) CHARACTER SET latin1 COLLATE latin1_swedish_ci NOT NULL,
  `tempat_penelitian` varchar(50) CHARACTER SET latin1 COLLATE latin1_swedish_ci NOT NULL,
  PRIMARY KEY (`npm`) USING BTREE,
  INDEX `jurusan`(`jurusan`) USING BTREE
) ENGINE = InnoDB CHARACTER SET = latin1 COLLATE = latin1_swedish_ci ROW_FORMAT = Dynamic;

-- ----------------------------
-- Records of tb_datamhs
-- ----------------------------
INSERT INTO `tb_datamhs` VALUES ('2013020038', 'Nurdin Langguta', '085255882910', 'Game Edukasi Puzzle Pengenalan Tokoh Pahlawan Nasional Mengunakan A* (Star)\r\n', 'ID_JURUSAN-02', 'Makassar');
INSERT INTO `tb_datamhs` VALUES ('2013020065', 'Fortunatus', '085255882910', 'Pengembangan Media Pembelajaran IPS Pada Kelas 1 SMP Tunas Bangsa Makassar Berbasis Multimedia\r\n', 'ID_JURUSAN-02', 'Makassar');
INSERT INTO `tb_datamhs` VALUES ('2013020074', 'Rinaldi Ismail Jaman', '085255882910', 'Aplikais Media Pembelajaran Chord Guitar Berbasis Android\r\n', 'ID_JURUSAN-02', 'Makassar');
INSERT INTO `tb_datamhs` VALUES ('2013020128', 'Abdullah', '085255882910', 'Implementasi Algoritma Apriori Untuk Data Mining Pada Penyewaan Rumah Adat Benteng Sombaopu \r\n', 'ID_JURUSAN-02', 'Makassar');
INSERT INTO `tb_datamhs` VALUES ('2013020141', 'Arsad Awa A. Paokuma', '085255882910', 'Pengembangan Media Pembelajaran Berbasis Multimedia Interaktif Pada Mata Pelajaran Geografi\r\n', 'ID_JURUSAN-02', 'Makassar');
INSERT INTO `tb_datamhs` VALUES ('2013020145', 'Ardi Zulkifli', '085255882910', 'Aplikasi Pembelajaran Organ Tubuh Bagian Dalam Pada Manusia Berbasis Android\r\n', 'ID_JURUSAN-02', 'Makassar');
INSERT INTO `tb_datamhs` VALUES ('2014020001', 'M. Aristiawan', '085255882910', 'Aplikasi Alat Musik Tradisional NTB \"Gula Gending dan Mandolin\" berbasis Android \r\n', 'ID_JURUSAN-02', 'Makassar');
INSERT INTO `tb_datamhs` VALUES ('2014020003', 'Fitriani', '085255882910', 'Sistem Pakar Mengidentifikasi Gizi Buruk Pada Balita Menggunakan Metode Antropometri Berbasis Web\r\n', 'ID_JURUSAN-02', 'Makassar');
INSERT INTO `tb_datamhs` VALUES ('2014020027', 'Desminto Patulak', '085255882910', 'Sistem Pakar Konstruksi Menu Makanan Sehat Ibu Hamil Berdasarkan Trimester Menggunakan Metode K-NERST\r\n', 'ID_JURUSAN-02', 'Makassar');
INSERT INTO `tb_datamhs` VALUES ('2014020034', 'Andi Anis Wati Anas', '085255882910', 'Aplikasi Media Pembelajaran Tata Cara Shalat Wajib Untuk Anak Usia Dini Di TK Aisyah Kelurahan Bontoparang Kecamatan Parangloe Kabupaten Gowa\r\n', 'ID_JURUSAN-02', 'Makassar');
INSERT INTO `tb_datamhs` VALUES ('2014020037', 'Ahmad', '085255882910', 'Sistem Perhitungan Suara Caleg Terpilih Mengunakan Metode Sainte Lague Berbasis Web\r\n', 'ID_JURUSAN-02', 'Makassar');
INSERT INTO `tb_datamhs` VALUES ('2014020046', 'Bambang Sulistyo', '085255882910', 'Sistem Pakar Diagnosa Hama Dan Penyakit Pada Tanaman Budidaya Rumput Laut Menggunakan Metode Certainty Factor Berbasis Android\r\n', 'ID_JURUSAN-02', 'Makassar');
INSERT INTO `tb_datamhs` VALUES ('2014020051', 'Hildawati S.', '085255882910', 'Sistem Pakar Mendiagnosa  Penyakit Gigi Dan Mulut Pada Manusia Dengan Metode Certainty Factor Berbasis Mobile Web\r\n', 'ID_JURUSAN-02', 'Makassar');
INSERT INTO `tb_datamhs` VALUES ('2014020054', 'Rahmat Hidayat', '085255882910', 'Sistem Pendukung Keputusan Penentuan Kelayakan Kandang Ayam Broiler Menggunakan Metode Analytic Hierarchy Process (AHP) Berbasis Web\r\n', 'ID_JURUSAN-02', 'Makassar');
INSERT INTO `tb_datamhs` VALUES ('2014020055', 'Atria Hajriani', '085255882910', 'Sistem Pendukung Keputusan Pemilihan Obat Herbal Untuk Batuk Menggunakan Metode ELECTRE Berbasis Web\r\n', 'ID_JURUSAN-02', 'Makassar');
INSERT INTO `tb_datamhs` VALUES ('2014020064', 'Wandi', '085255882910', 'Sistem Pendukung Keputusan Penempatan Penyuluh Pada Yayasan Pelopor Kesehatan Masyarakat Indonesia Menggunakan Metode Profile Matching\r\n', 'ID_JURUSAN-02', 'Makassar');
INSERT INTO `tb_datamhs` VALUES ('2014020081', 'Syurah A. Furqany', '085255882910', 'Sistem Pakar Diagnosa Penyakit Tuberkulosis (TB) Menggunakan Metode Demster Shafer (Study Kasus Balai Besar Kesehatan Paru Makassar)\r\n', 'ID_JURUSAN-02', 'Makassar');
INSERT INTO `tb_datamhs` VALUES ('2014020086', 'Timas Harmin', '085255882910', 'Perancangan Sistem Pendukung Keputusan Pemilihan Kain Sutera Menggunakan Metode Technique For Order Preference By Similarity To Ideal Solution (TOPSIS)\r\n', 'ID_JURUSAN-02', 'Makassar');
INSERT INTO `tb_datamhs` VALUES ('2014020090', 'Yudha Hardian Pratama', '085255882910', 'Sistem Pakar Mendiagnosa Penyakit Kelinci Menggunakan Metode Certainty Factor Berbasis Web\r\n', 'ID_JURUSAN-02', 'Makassar');
INSERT INTO `tb_datamhs` VALUES ('2014020091', 'Rasma', '085255882910', 'Sistem Pakar Diagnosa Penyakit Kulit Pada Sapi Menggunakan Metode Fuzzy Mamdani Berbasis Web Pada Dinas Peternakan Dan Perkebunan Kabupaten Pinrang\r\n', 'ID_JURUSAN-02', 'Makassar');
INSERT INTO `tb_datamhs` VALUES ('2014020118', 'Rahmaniar ', '085255882910', 'Implementasi Metode ELECTRE Dan TOPSIS Untuk Sistem Pendukung Keputusan Penentuan Rekomendasi Takaran Pupuk Anorganik Tanaman Pangan Pada Balai Pengkajian Teknologi Pertanian (BPTP) Sulawesi Selatan \r\n', 'ID_JURUSAN-02', 'Makassar');
INSERT INTO `tb_datamhs` VALUES ('2014020143', 'Weni Sawitri', '085255882910', 'Sistem Pendukung Keputusan Pemeringkatan Keterbukaan Informasi Badan Publik Komisi Informasi Menggunakan Metode Simple Additive Weighting (SAW)\r\n', 'ID_JURUSAN-02', 'Makassar');
INSERT INTO `tb_datamhs` VALUES ('2014020156', 'Sofyan Nurhadi', '085255882910', 'Perbandingan Metode Fuzzy K-Nearest Neighbor Dengan Metode Fuzzy Tsukamoto Pada Sistem Pendukung Keputusan Tingkat Keparahan Autis\r\n', 'ID_JURUSAN-02', 'Makassar');
INSERT INTO `tb_datamhs` VALUES ('2014020165', 'Antok Panca Prasetyo', '085255882910', 'Sistem Pendukung Keputusan Kualitas Kelayakan Container Reefer Dengan Menggunakan Metode  Kriteria Bayes\r\n', 'ID_JURUSAN-02', 'Makassar');
INSERT INTO `tb_datamhs` VALUES ('2014020175', 'Emiyati', '085255882910', 'Sistem Pendukung Keputusan Menentukan Bibit Bawang Merah Berkualitas Menggunakan Metode Analitycal Hierarchy Process (AHP) Berbasis Web\r\n', 'ID_JURUSAN-02', 'Makassar');
INSERT INTO `tb_datamhs` VALUES ('2015020025', 'dfdfs', '45464', 'cdv', 'ID_JURUSAN-02', 'xvc');
INSERT INTO `tb_datamhs` VALUES ('2015020173', 'Saiful', '085255882910', 'Pembuatan Aplikasi Multimedia Interaktif Peta Virtual Pariwisata Kab. Enrekang Berbasis Android\r\n', 'ID_JURUSAN-02', 'Makassar');
INSERT INTO `tb_datamhs` VALUES ('2015020191', 'Ardi', '085255882910', 'Sistem Pakar Diagnosa Penyakit Pada Tanaman Kopi\r\n', 'ID_JURUSAN-02', 'Makassar');
INSERT INTO `tb_datamhs` VALUES ('2015020210', 'Rezky Maya Sari', '085255882910', 'Sistem Pendukung Keputusan Penentuan Penerimaan Calon Taruna Dan Taruni Pada Akademi Teknik Dan Keselamatan Penerbangan Makassar Menggunakan Metode TOPSIS Berbasis Web\r\n', 'ID_JURUSAN-02', 'Makassar');
INSERT INTO `tb_datamhs` VALUES ('2016020156', 'Firmansyah', '085255882910', 'Implementasi Metode TOPSIS Pada Sistem Pendukung Keputusan Dalam Penindakan Pelaporan Kebocoran Pipa PDAM Kota Makassar\r\n', 'ID_JURUSAN-02', 'Makassar');
INSERT INTO `tb_datamhs` VALUES ('2016020196', 'Falentinus Edu', '085255882910', 'Aplikasi Belajar Alat Musik Sasando Berbasis Android\r\n', 'ID_JURUSAN-02', 'Makassar');

-- ----------------------------
-- Table structure for tb_golongan
-- ----------------------------
DROP TABLE IF EXISTS `tb_golongan`;
CREATE TABLE `tb_golongan`  (
  `kd_golongan` char(10) CHARACTER SET latin1 COLLATE latin1_swedish_ci NOT NULL,
  `jenis_golongan` varchar(5) CHARACTER SET latin1 COLLATE latin1_swedish_ci NULL DEFAULT NULL,
  `nilai` int(11) NULL DEFAULT NULL,
  PRIMARY KEY (`kd_golongan`) USING BTREE
) ENGINE = InnoDB CHARACTER SET = latin1 COLLATE = latin1_swedish_ci ROW_FORMAT = Dynamic;

-- ----------------------------
-- Records of tb_golongan
-- ----------------------------
INSERT INTO `tb_golongan` VALUES ('ID_GOL-01', 'IV-E', 9);
INSERT INTO `tb_golongan` VALUES ('ID_GOL-02', 'IV-D', 8);
INSERT INTO `tb_golongan` VALUES ('ID_GOL-03', 'IV-C', 7);
INSERT INTO `tb_golongan` VALUES ('ID_GOL-04', 'IV-B', 6);
INSERT INTO `tb_golongan` VALUES ('ID_GOL-05', 'IV-A', 5);
INSERT INTO `tb_golongan` VALUES ('ID_GOL-06', 'III-D', 4);
INSERT INTO `tb_golongan` VALUES ('ID_GOL-07', 'III-C', 3);
INSERT INTO `tb_golongan` VALUES ('ID_GOL-08', 'III-B', 2);
INSERT INTO `tb_golongan` VALUES ('ID_GOL-09', 'III-A', 1);
INSERT INTO `tb_golongan` VALUES ('ID_GOL-18', '-', 0);

-- ----------------------------
-- Table structure for tb_hasil_alt
-- ----------------------------
DROP TABLE IF EXISTS `tb_hasil_alt`;
CREATE TABLE `tb_hasil_alt`  (
  `id` int(11) NOT NULL AUTO_INCREMENT,
  `npm` varchar(12) CHARACTER SET latin1 COLLATE latin1_swedish_ci NOT NULL,
  `nama_mahasiswa` varchar(124) CHARACTER SET latin1 COLLATE latin1_swedish_ci NOT NULL,
  `pemb_1` varchar(124) CHARACTER SET latin1 COLLATE latin1_swedish_ci NOT NULL,
  `pemb_2` varchar(124) CHARACTER SET latin1 COLLATE latin1_swedish_ci NOT NULL,
  PRIMARY KEY (`id`) USING BTREE
) ENGINE = InnoDB AUTO_INCREMENT = 4 CHARACTER SET = latin1 COLLATE = latin1_swedish_ci ROW_FORMAT = Dynamic;

-- ----------------------------
-- Records of tb_hasil_alt
-- ----------------------------
INSERT INTO `tb_hasil_alt` VALUES (0, '', '', '', '');
INSERT INTO `tb_hasil_alt` VALUES (2, '2015020029', 'Karlina', '0010037501', '00100116503');
INSERT INTO `tb_hasil_alt` VALUES (3, '2015020025', 'dfdfs', '0928038902', '0914058403');

-- ----------------------------
-- Table structure for tb_jafung
-- ----------------------------
DROP TABLE IF EXISTS `tb_jafung`;
CREATE TABLE `tb_jafung`  (
  `id_jafung` varchar(12) CHARACTER SET latin1 COLLATE latin1_swedish_ci NOT NULL,
  `jenis` varchar(20) CHARACTER SET latin1 COLLATE latin1_swedish_ci NULL DEFAULT NULL,
  `nilai` int(11) NOT NULL,
  PRIMARY KEY (`id_jafung`) USING BTREE
) ENGINE = InnoDB CHARACTER SET = latin1 COLLATE = latin1_swedish_ci ROW_FORMAT = Dynamic;

-- ----------------------------
-- Records of tb_jafung
-- ----------------------------
INSERT INTO `tb_jafung` VALUES ('ID_JAFUNG-01', 'Guru Besar', 9);
INSERT INTO `tb_jafung` VALUES ('ID_JAFUNG-02', 'Lektor Kepala', 7);
INSERT INTO `tb_jafung` VALUES ('ID_JAFUNG-03', 'Lektor', 5);
INSERT INTO `tb_jafung` VALUES ('ID_JAFUNG-04', 'Asisten Ahli', 3);
INSERT INTO `tb_jafung` VALUES ('ID_JAFUNG-06', '-', 0);

-- ----------------------------
-- Table structure for tb_jstruktural
-- ----------------------------
DROP TABLE IF EXISTS `tb_jstruktural`;
CREATE TABLE `tb_jstruktural`  (
  `id_jstruktural` varchar(20) CHARACTER SET latin1 COLLATE latin1_swedish_ci NOT NULL,
  `jenis` varchar(50) CHARACTER SET latin1 COLLATE latin1_swedish_ci NOT NULL,
  `nilai` int(11) NOT NULL,
  PRIMARY KEY (`id_jstruktural`) USING BTREE
) ENGINE = InnoDB CHARACTER SET = latin1 COLLATE = latin1_swedish_ci ROW_FORMAT = Dynamic;

-- ----------------------------
-- Records of tb_jstruktural
-- ----------------------------
INSERT INTO `tb_jstruktural` VALUES ('ID_JSTRUKTURAL-01', 'Ketua Stmik ', 9);
INSERT INTO `tb_jstruktural` VALUES ('ID_JSTRUKTURAL-02', 'Wakil Ketua/Kepala Lembaga', 8);
INSERT INTO `tb_jstruktural` VALUES ('ID_JSTRUKTURAL-03', 'Ketua Jurusan/Kepala Bidang', 7);
INSERT INTO `tb_jstruktural` VALUES ('ID_JSTRUKTURAL-04', 'Staf', 6);
INSERT INTO `tb_jstruktural` VALUES ('ID_JSTRUKTURAL-05', 'Dosen Lektor', 5);
INSERT INTO `tb_jstruktural` VALUES ('ID_JSTRUKTURAL-06', 'Dosen Asisten Ahli', 3);
INSERT INTO `tb_jstruktural` VALUES ('ID_JSTRUKTURAL-11', '-', 0);

-- ----------------------------
-- Table structure for tb_jurusan
-- ----------------------------
DROP TABLE IF EXISTS `tb_jurusan`;
CREATE TABLE `tb_jurusan`  (
  `kd_jurusan` varchar(15) CHARACTER SET latin1 COLLATE latin1_swedish_ci NOT NULL,
  `jurusan` varchar(30) CHARACTER SET latin1 COLLATE latin1_swedish_ci NULL DEFAULT NULL,
  PRIMARY KEY (`kd_jurusan`) USING BTREE,
  INDEX `jurusan`(`jurusan`) USING BTREE
) ENGINE = InnoDB CHARACTER SET = latin1 COLLATE = latin1_swedish_ci ROW_FORMAT = Dynamic;

-- ----------------------------
-- Records of tb_jurusan
-- ----------------------------
INSERT INTO `tb_jurusan` VALUES ('ID_JURUSAN-05', 'Komputerisasi Akuntansi');
INSERT INTO `tb_jurusan` VALUES ('ID_JURUSAN-01', 'Manajemen Informatika');
INSERT INTO `tb_jurusan` VALUES ('ID_JURUSAN-04', 'Sistem Informasi');
INSERT INTO `tb_jurusan` VALUES ('ID_JURUSAN-03', 'Sistem Komputer');
INSERT INTO `tb_jurusan` VALUES ('ID_JURUSAN-02', 'Teknik Informatika');

-- ----------------------------
-- Table structure for tb_keahlian
-- ----------------------------
DROP TABLE IF EXISTS `tb_keahlian`;
CREATE TABLE `tb_keahlian`  (
  `id_keahlian` varchar(15) CHARACTER SET latin1 COLLATE latin1_swedish_ci NOT NULL,
  `keahlian` varchar(50) CHARACTER SET latin1 COLLATE latin1_swedish_ci NOT NULL,
  `nilai` int(11) NOT NULL,
  PRIMARY KEY (`id_keahlian`) USING BTREE
) ENGINE = InnoDB CHARACTER SET = latin1 COLLATE = latin1_swedish_ci ROW_FORMAT = Dynamic;

-- ----------------------------
-- Records of tb_keahlian
-- ----------------------------
INSERT INTO `tb_keahlian` VALUES ('ID_KEAHLIAN-01', 'Android', 17);
INSERT INTO `tb_keahlian` VALUES ('ID_KEAHLIAN-02', 'Robotika', 17);
INSERT INTO `tb_keahlian` VALUES ('ID_KEAHLIAN-03', 'Jaringan', 17);
INSERT INTO `tb_keahlian` VALUES ('ID_KEAHLIAN-04', 'Game', 17);
INSERT INTO `tb_keahlian` VALUES ('ID_KEAHLIAN-05', 'Multimedia', 17);
INSERT INTO `tb_keahlian` VALUES ('ID_KEAHLIAN-06', 'Algoritma', 17);
INSERT INTO `tb_keahlian` VALUES ('ID_KEAHLIAN-07', 'Web', 17);
INSERT INTO `tb_keahlian` VALUES ('ID_KEAHLIAN-08', 'Bahasa / Hukum', 17);
INSERT INTO `tb_keahlian` VALUES ('ID_KEAHLIAN-09', '-', 0);

-- ----------------------------
-- Table structure for tb_kriteria
-- ----------------------------
DROP TABLE IF EXISTS `tb_kriteria`;
CREATE TABLE `tb_kriteria`  (
  `id_kriteria` varchar(7) CHARACTER SET latin1 COLLATE latin1_swedish_ci NOT NULL,
  `kd_kriteria` int(7) NULL DEFAULT NULL,
  `nama_kriteria` varchar(50) CHARACTER SET latin1 COLLATE latin1_swedish_ci NOT NULL,
  PRIMARY KEY (`id_kriteria`) USING BTREE
) ENGINE = InnoDB CHARACTER SET = latin1 COLLATE = latin1_swedish_ci ROW_FORMAT = Dynamic;

-- ----------------------------
-- Records of tb_kriteria
-- ----------------------------
INSERT INTO `tb_kriteria` VALUES ('krt-001', 201, 'Golongan');
INSERT INTO `tb_kriteria` VALUES ('krt-002', 202, 'Jabatan Fungsional');
INSERT INTO `tb_kriteria` VALUES ('krt-003', 203, 'Jabatan Struktural');
INSERT INTO `tb_kriteria` VALUES ('krt-004', 204, 'Keahlian');
INSERT INTO `tb_kriteria` VALUES ('krt-005', 205, 'Pendidikan');
INSERT INTO `tb_kriteria` VALUES ('krt-006', 206, 'Kuota Bimbingan');

-- ----------------------------
-- Table structure for tb_kubim
-- ----------------------------
DROP TABLE IF EXISTS `tb_kubim`;
CREATE TABLE `tb_kubim`  (
  `id_kubim` varchar(50) CHARACTER SET latin1 COLLATE latin1_swedish_ci NOT NULL,
  `kuota` varchar(255) CHARACTER SET latin1 COLLATE latin1_swedish_ci NOT NULL,
  `nilai` int(11) NOT NULL,
  PRIMARY KEY (`id_kubim`) USING BTREE
) ENGINE = InnoDB CHARACTER SET = latin1 COLLATE = latin1_swedish_ci ROW_FORMAT = Dynamic;

-- ----------------------------
-- Records of tb_kubim
-- ----------------------------
INSERT INTO `tb_kubim` VALUES ('ID_KUOTA-01', '0', 9);
INSERT INTO `tb_kubim` VALUES ('ID_KUOTA-02', '1', 8);
INSERT INTO `tb_kubim` VALUES ('ID_KUOTA-03', '2', 7);
INSERT INTO `tb_kubim` VALUES ('ID_KUOTA-04', '3', 6);
INSERT INTO `tb_kubim` VALUES ('ID_KUOTA-05', '4', 5);
INSERT INTO `tb_kubim` VALUES ('ID_KUOTA-06', '5', 4);
INSERT INTO `tb_kubim` VALUES ('ID_KUOTA-07', '6', 3);
INSERT INTO `tb_kubim` VALUES ('ID_KUOTA-08', '7', 2);
INSERT INTO `tb_kubim` VALUES ('ID_KUOTA-09', '8', 1);
INSERT INTO `tb_kubim` VALUES ('ID_KUOTA-10', '9', 0);

-- ----------------------------
-- Table structure for tb_login
-- ----------------------------
DROP TABLE IF EXISTS `tb_login`;
CREATE TABLE `tb_login`  (
  `id` int(11) NOT NULL AUTO_INCREMENT,
  `npm` varchar(20) CHARACTER SET latin1 COLLATE latin1_swedish_ci NOT NULL,
  `passname` varchar(20) CHARACTER SET latin1 COLLATE latin1_swedish_ci NOT NULL,
  `password` text CHARACTER SET latin1 COLLATE latin1_swedish_ci NOT NULL,
  `level` enum('admin','mahasiswa') CHARACTER SET latin1 COLLATE latin1_swedish_ci NOT NULL,
  PRIMARY KEY (`id`) USING BTREE
) ENGINE = InnoDB AUTO_INCREMENT = 183 CHARACTER SET = latin1 COLLATE = latin1_swedish_ci ROW_FORMAT = Dynamic;

-- ----------------------------
-- Records of tb_login
-- ----------------------------
INSERT INTO `tb_login` VALUES (2, 'admin', 'admin', '$2y$10$LxzWJQI/9WzgH5MDFoiZ5OZgsd/C33BY6sLdJadbUjlR.NLh6zlIC', 'admin');
INSERT INTO `tb_login` VALUES (150, '2015020210', '020210', '$2y$10$LNKEmTtemRW1MxwBqMInmOhb6H.1cJZRlPKH1oFe7O9s/s0lVVhKu', 'mahasiswa');
INSERT INTO `tb_login` VALUES (151, '2013020128', '020128', '$2y$10$mzg7yLhcBv0U7CzgJP6Kn.ZnOWgHLjHD2t/rNfTCsq9zGHzx4vGTS', 'mahasiswa');
INSERT INTO `tb_login` VALUES (152, '2014020064', '020064', '$2y$10$hSjQIvK.jTvEOsno4Lt48OLPsmoFXa1ZGaJ6e3Vc9GTrLId29mU/O', 'mahasiswa');
INSERT INTO `tb_login` VALUES (153, '2014020003', '020003', '$2y$10$jgRVUxnfbc3opSJ.IQKtO.eaDG83oAkEOX214FOo5Cs08gtd92u3q', 'mahasiswa');
INSERT INTO `tb_login` VALUES (154, '2014020086', '020086', '$2y$10$SSvLjpsXtoqrY.DfiOGEfOvOqDY9yUjDpF3UPm6MaEBrBX8Jcay6W', 'mahasiswa');
INSERT INTO `tb_login` VALUES (155, '2014020081', '020081', '$2y$10$CA8SSsm/c3KOIK272v0kM.y4K7TV./6JWPNnu3sgMi/SJP/SY/mjW', 'mahasiswa');
INSERT INTO `tb_login` VALUES (156, '2014020051', '020051', '$2y$10$lBKFfBtmWX25.YOqYkM4sOw5x6nAP48xtukA2rj6TkgPkeS1YPsyy', 'mahasiswa');
INSERT INTO `tb_login` VALUES (157, '2014020175', '020175', '$2y$10$LL1xDnj7ujcyv7lGDogF3.SMRafb9XxGRAS8d.OMTFVDOx39RRRle', 'mahasiswa');
INSERT INTO `tb_login` VALUES (158, '2013020145', '020145', '$2y$10$b53cJxGbY3C9umMhPbWxmuUouxDiSJruBpV1a4ORnkd4fJ0yZ41Wm', 'mahasiswa');
INSERT INTO `tb_login` VALUES (159, '2014020027', '020027', '$2y$10$icrr9LDTXSaMXYr03/S3xeadhWWVK3BlTF813w2PsXNzw0aNQlsgG', 'mahasiswa');
INSERT INTO `tb_login` VALUES (160, '2014020001', '020001', '$2y$10$pyMoIYeZQrQJQ.ZsmmLQuuujXL1Ry8A7O9k3MYqqGa6ULqI3jUAbm', 'mahasiswa');
INSERT INTO `tb_login` VALUES (161, '2014020037', '020037', '$2y$10$TF6u27xwPLsjN7g0RJvn8uGOsDJzbmULHudN.ZLBlMShxCGAHR2OS', 'mahasiswa');
INSERT INTO `tb_login` VALUES (162, '2014020118', '020118', '$2y$10$aiKZQTaX.IAy0nATIokYLux8fCYUow2l2V3aRB9hZLv6j36L6AuLi', 'mahasiswa');
INSERT INTO `tb_login` VALUES (163, '2016020196', '020196', '$2y$10$pWlI6SZXIMNKkYa9wT7INO8yV/LW7oMJUMGpq4CKX8OlCs4y5BaTu', 'mahasiswa');
INSERT INTO `tb_login` VALUES (164, '2015020173', '020173', '$2y$10$7S8NFYRFrP2gOGPhTsjRFuf8xsSkygs5ifst3.2JsCxbzMdCcC7ja', 'mahasiswa');
INSERT INTO `tb_login` VALUES (165, '2014020091', '020091', '$2y$10$RoBF50giaU2Tn.UKZ3EdyeePIldgkQ8Ec7m6kEJ99j6CLLtUHnEWW', 'mahasiswa');
INSERT INTO `tb_login` VALUES (166, '2014020034', '020034', '$2y$10$dJ.uMmZp0zRZmAIINdpfhuzUGhJIuAzSnI9PYi/PCxs8mUP7pb5y.', 'mahasiswa');
INSERT INTO `tb_login` VALUES (167, '2014020090', '020090', '$2y$10$nnqhsYqmjh1dRL2opW/0nOKsbeTixABbIzyx1scYDLgLCxh6cEA7K', 'mahasiswa');
INSERT INTO `tb_login` VALUES (168, '2013020074', '020074', '$2y$10$x.1idi1M112SCchvHlZD6u3kwvsJxcRmp2dI30SJjjPxtWpp0JH0e', 'mahasiswa');
INSERT INTO `tb_login` VALUES (169, '2014020156', '020156', '$2y$10$QJtTQopeyct9cEnqowpTluI9a9Wb5P/OWdAeMf3vHtt7N12zXY5F6', 'mahasiswa');
INSERT INTO `tb_login` VALUES (170, '2014020046', '020046', '$2y$10$F6/HLh21n/k2AxUqzfqbpOD33IhMx8TBJpgdCXORadupvx1DTAP3e', 'mahasiswa');
INSERT INTO `tb_login` VALUES (171, '2015020191', '020191', '$2y$10$U03WMBiL/iVkfSqo3p0KsOSZ/ofF7mKGM0PHKfdRjJzuHUyF3SZ0G', 'mahasiswa');
INSERT INTO `tb_login` VALUES (172, '2013020038', '020038', '$2y$10$nY73MeDTX65jRz.4pCDYH.1.o1ZYQaaH1mQfcO0DSwPfvhmvIuMAe', 'mahasiswa');
INSERT INTO `tb_login` VALUES (173, '2014020165', '020165', '$2y$10$JdR7BbUqQo1wdT78q68C2OqOssxCZJQWt1V/1bpH5aAjf32I1e1Ju', 'mahasiswa');
INSERT INTO `tb_login` VALUES (174, '2014020054', '020054', '$2y$10$qXz52v7uU6Gy7/BWe/gI4.2bChLgHxiK954GDB9cyAA7SBveO3KuO', 'mahasiswa');
INSERT INTO `tb_login` VALUES (175, '2014020143', '020143', '$2y$10$LZD2.7JC.PEDQ3Zq4o1REe0CGXhJignhIKCGMA4aQZjO2JISmM1fi', 'mahasiswa');
INSERT INTO `tb_login` VALUES (176, '2016020156', '020156', '$2y$10$4ocYxHTW1.bCyjAv.VjX/Og1b1jbXZ3.UAFeZo9d1koZrv9BgTUJy', 'mahasiswa');
INSERT INTO `tb_login` VALUES (177, '2013020141', '020141', '$2y$10$X6s9otzA0hIzwYiyWXCcLew3rdEhD2JgY9mShPD/D1OrfY4Z92Wa2', 'mahasiswa');
INSERT INTO `tb_login` VALUES (178, '2013020065', '020065', '$2y$10$E4OJEY590e4i5jKMBfSjPOuSFuv/Pak7pOnwDBHw/B0XYpPvIVcju', 'mahasiswa');
INSERT INTO `tb_login` VALUES (179, '2014020055', '020055', '$2y$10$cWlrkav.d2RP2MN2HFifX.RB6XiU7Ba0jVvl6q.hVLQqqhiuwVAb.', 'mahasiswa');
INSERT INTO `tb_login` VALUES (182, '2015020025', '020025', '$2y$10$cLe6Tio3MYT1n0U27xoWf.qNPB1u1HuzE7KzWXZTqH/L0HdW9n0k2', 'mahasiswa');

-- ----------------------------
-- Table structure for tb_pendidikan
-- ----------------------------
DROP TABLE IF EXISTS `tb_pendidikan`;
CREATE TABLE `tb_pendidikan`  (
  `id_pendidikan` varchar(24) CHARACTER SET latin1 COLLATE latin1_swedish_ci NOT NULL,
  `jenis_pendidikan` varchar(7) CHARACTER SET latin1 COLLATE latin1_swedish_ci NULL DEFAULT NULL,
  `nilai` int(11) NOT NULL,
  PRIMARY KEY (`id_pendidikan`) USING BTREE
) ENGINE = InnoDB CHARACTER SET = latin1 COLLATE = latin1_swedish_ci ROW_FORMAT = Dynamic;

-- ----------------------------
-- Records of tb_pendidikan
-- ----------------------------
INSERT INTO `tb_pendidikan` VALUES ('ID_PENDIDIKAN-01', 'S3', 9);
INSERT INTO `tb_pendidikan` VALUES ('ID_PENDIDIKAN-02', 'S2', 6);
INSERT INTO `tb_pendidikan` VALUES ('ID_PENDIDIKAN-03', 'S1', 5);

-- ----------------------------
-- Table structure for tb_surat
-- ----------------------------
DROP TABLE IF EXISTS `tb_surat`;
CREATE TABLE `tb_surat`  (
  `id_surat` varchar(20) CHARACTER SET latin1 COLLATE latin1_swedish_ci NOT NULL,
  `nama` varchar(100) CHARACTER SET latin1 COLLATE latin1_swedish_ci NOT NULL,
  `tahun` text CHARACTER SET latin1 COLLATE latin1_swedish_ci NOT NULL
) ENGINE = InnoDB CHARACTER SET = latin1 COLLATE = latin1_swedish_ci ROW_FORMAT = Dynamic;

-- ----------------------------
-- Records of tb_surat
-- ----------------------------
INSERT INTO `tb_surat` VALUES ('SK-PEMBIMBING01', 'Dr. Nasrullah, M.Si.', '[{\"tahun1\":\"2019\",\"tahun2\":\"2020\"}]');
INSERT INTO `tb_surat` VALUES ('SK-PENGUJI01', 'Dra. Najirah Umar, S.Kom., MT.', '[{\"jurusan\":\"Teknik Informatika\",\"perihal\":\"1\",\"jam\":\"10\",\"tgl_pel\":\"2019-06-26\",\"tanggal\":\"26 Juni 2019\",\"tempat\":\"Studio Daring STMIK Handayani Makassar\"}]');
INSERT INTO `tb_surat` VALUES ('SK-PEMBIMBING01', 'Dr. Nasrullah, M.Si.', '[{\"tahun1\":\"2019\",\"tahun2\":\"2020\"}]');
INSERT INTO `tb_surat` VALUES ('SK-PENGUJI01', 'Dra. Najirah Umar, S.Kom., MT.', '[{\"jurusan\":\"Teknik Informatika\",\"perihal\":\"1\",\"jam\":\"10\",\"tgl_pel\":\"2019-06-26\",\"tanggal\":\"26 Juni 2019\",\"tempat\":\"Studio Daring STMIK Handayani Makassar\"}]');

-- ----------------------------
-- Table structure for tb_suratlap
-- ----------------------------
DROP TABLE IF EXISTS `tb_suratlap`;
CREATE TABLE `tb_suratlap`  (
  `id` int(11) NOT NULL AUTO_INCREMENT,
  `kd_trsbimbingan` varchar(20) CHARACTER SET latin1 COLLATE latin1_swedish_ci NOT NULL,
  `npm` int(11) NOT NULL,
  `hasil` text CHARACTER SET latin1 COLLATE latin1_swedish_ci NOT NULL,
  PRIMARY KEY (`id`) USING BTREE,
  INDEX `surat_to_trsbimbingan`(`kd_trsbimbingan`) USING BTREE,
  CONSTRAINT `surat_to_trsbimbingan` FOREIGN KEY (`kd_trsbimbingan`) REFERENCES `tb_trsbimbingan` (`kd_trsbimbingan`) ON DELETE CASCADE ON UPDATE CASCADE
) ENGINE = InnoDB AUTO_INCREMENT = 25 CHARACTER SET = latin1 COLLATE = latin1_swedish_ci ROW_FORMAT = Dynamic;

-- ----------------------------
-- Records of tb_suratlap
-- ----------------------------
INSERT INTO `tb_suratlap` VALUES (1, 'ID_TRANSAKSI-01', 2015020210, '[{\"npm\":\"2015020210\",\"nama\":\"Rezky Maya Sari\",\"judul\":\"Sistem Pendukung Keputusan Penentuan Penerimaan Calon Taruna Dan Taruni Pada Akademi Teknik Dan Keselamatan Penerbangan Makassar Menggunakan Metode TOPSIS Berbasis Web\",\"tanggal\":\"01\",\"bulanromawi\":\"XII\",\"bulanbiasa\":\"Desember\",\"tahun\":\"2019\",\"tahun1\":\"2019\",\"tahun2\":\"2020\",\"semester\":\"GANJIL\",\"dosen\":\"Dr. Nasrullah, M.Si.\",\"nip\":\"0031026703\",\"nama_dosen\":\"Dra. Najirah Umar, S.Kom., MT.\",\"golongan\":\"ID_GOL-06\",\"jabatan_fungsional\":\"Lektor\",\"jabatan_struktural\":\"ID_JSTRUKTURAL-03\",\"keahlian\":\"ID_KEAHLIAN-01\",\"pendidikan\":\"ID_PENDIDIKAN-02\",\"kuota_bimbinga\":\"ID_KUOTA-10\",\"dosen_pembimbing\":\"Pembimbing 1\"},{\"npm\":\"2015020210\",\"nama\":\"Rezky Maya Sari\",\"judul\":\"Sistem Pendukung Keputusan Penentuan Penerimaan Calon Taruna Dan Taruni Pada Akademi Teknik Dan Keselamatan Penerbangan Makassar Menggunakan Metode TOPSIS Berbasis Web\",\"tanggal\":\"01\",\"bulanromawi\":\"XII\",\"bulanbiasa\":\"Desember\",\"tahun\":\"2019\",\"tahun1\":\"2019\",\"tahun2\":\"2020\",\"semester\":\"GANJIL\",\"dosen\":\"Dr. Nasrullah, M.Si.\",\"nip\":\"0913058901\",\"nama_dosen\":\"Billy Eden William Asrul, S.Kom., MT.\",\"golongan\":\"ID_GOL-09\",\"jabatan_fungsional\":\"Asisten Ahli\",\"jabatan_struktural\":\"ID_JSTRUKTURAL-03\",\"keahlian\":\"ID_KEAHLIAN-07\",\"pendidikan\":\"ID_PENDIDIKAN-02\",\"kuota_bimbinga\":\"ID_KUOTA-10\",\"dosen_pembimbing\":\"Pembimbing 2\"}]');
INSERT INTO `tb_suratlap` VALUES (2, 'ID_TRANSAKSI-02', 2013020128, '[{\"npm\":\"2013020128\",\"nama\":\"Abdullah\",\"judul\":\"Implementasi Algoritma Apriori Untuk Data Mining Pada Penyewaan Rumah Adat Benteng Sombaopu \",\"tanggal\":\"01\",\"bulanromawi\":\"XII\",\"bulanbiasa\":\"Desember\",\"tahun\":\"2019\",\"tahun1\":\"2019\",\"tahun2\":\"2020\",\"semester\":\"GANJIL\",\"dosen\":\"Dr. Nasrullah, M.Si.\",\"nip\":\"0031026703\",\"nama_dosen\":\"Dra. Najirah Umar, S.Kom., MT.\",\"golongan\":\"ID_GOL-06\",\"jabatan_fungsional\":\"Lektor\",\"jabatan_struktural\":\"ID_JSTRUKTURAL-03\",\"keahlian\":\"ID_KEAHLIAN-01\",\"pendidikan\":\"ID_PENDIDIKAN-02\",\"kuota_bimbinga\":\"ID_KUOTA-10\",\"dosen_pembimbing\":\"Pembimbing 1\"},{\"npm\":\"2013020128\",\"nama\":\"Abdullah\",\"judul\":\"Implementasi Algoritma Apriori Untuk Data Mining Pada Penyewaan Rumah Adat Benteng Sombaopu \",\"tanggal\":\"01\",\"bulanromawi\":\"XII\",\"bulanbiasa\":\"Desember\",\"tahun\":\"2019\",\"tahun1\":\"2019\",\"tahun2\":\"2020\",\"semester\":\"GANJIL\",\"dosen\":\"Dr. Nasrullah, M.Si.\",\"nip\":\"0913058901\",\"nama_dosen\":\"Billy Eden William Asrul, S.Kom., MT.\",\"golongan\":\"ID_GOL-09\",\"jabatan_fungsional\":\"Asisten Ahli\",\"jabatan_struktural\":\"ID_JSTRUKTURAL-03\",\"keahlian\":\"ID_KEAHLIAN-07\",\"pendidikan\":\"ID_PENDIDIKAN-02\",\"kuota_bimbinga\":\"ID_KUOTA-10\",\"dosen_pembimbing\":\"Pembimbing 2\"}]');
INSERT INTO `tb_suratlap` VALUES (3, 'ID_TRANSAKSI-03', 2014020064, '[{\"npm\":\"2014020064\",\"nama\":\"Wandi\",\"judul\":\"Sistem Pendukung Keputusan Penempatan Penyuluh Pada Yayasan Pelopor Kesehatan Masyarakat Indonesia Menggunakan Metode Profile Matching\",\"tanggal\":\"01\",\"bulanromawi\":\"XII\",\"bulanbiasa\":\"Desember\",\"tahun\":\"2019\",\"tahun1\":\"2019\",\"tahun2\":\"2020\",\"semester\":\"GANJIL\",\"dosen\":\"Dr. Nasrullah, M.Si.\",\"nip\":\"0031026703\",\"nama_dosen\":\"Dra. Najirah Umar, S.Kom., MT.\",\"golongan\":\"ID_GOL-06\",\"jabatan_fungsional\":\"Lektor\",\"jabatan_struktural\":\"ID_JSTRUKTURAL-03\",\"keahlian\":\"ID_KEAHLIAN-01\",\"pendidikan\":\"ID_PENDIDIKAN-02\",\"kuota_bimbinga\":\"ID_KUOTA-10\",\"dosen_pembimbing\":\"Pembimbing 1\"},{\"npm\":\"2014020064\",\"nama\":\"Wandi\",\"judul\":\"Sistem Pendukung Keputusan Penempatan Penyuluh Pada Yayasan Pelopor Kesehatan Masyarakat Indonesia Menggunakan Metode Profile Matching\",\"tanggal\":\"01\",\"bulanromawi\":\"XII\",\"bulanbiasa\":\"Desember\",\"tahun\":\"2019\",\"tahun1\":\"2019\",\"tahun2\":\"2020\",\"semester\":\"GANJIL\",\"dosen\":\"Dr. Nasrullah, M.Si.\",\"nip\":\"0913058901\",\"nama_dosen\":\"Billy Eden William Asrul, S.Kom., MT.\",\"golongan\":\"ID_GOL-09\",\"jabatan_fungsional\":\"Asisten Ahli\",\"jabatan_struktural\":\"ID_JSTRUKTURAL-03\",\"keahlian\":\"ID_KEAHLIAN-07\",\"pendidikan\":\"ID_PENDIDIKAN-02\",\"kuota_bimbinga\":\"ID_KUOTA-10\",\"dosen_pembimbing\":\"Pembimbing 2\"}]');
INSERT INTO `tb_suratlap` VALUES (4, 'ID_TRANSAKSI-04', 2014020003, '[{\"npm\":\"2014020003\",\"nama\":\"Fitriani\",\"judul\":\"Sistem Pakar Mengidentifikasi Gizi Buruk Pada Balita Menggunakan Metode Antropometri Berbasis Web\",\"tanggal\":\"01\",\"bulanromawi\":\"XII\",\"bulanbiasa\":\"Desember\",\"tahun\":\"2019\",\"tahun1\":\"2019\",\"tahun2\":\"2020\",\"semester\":\"GANJIL\",\"dosen\":\"Dr. Nasrullah, M.Si.\",\"nip\":\"0031026703\",\"nama_dosen\":\"Dra. Najirah Umar, S.Kom., MT.\",\"golongan\":\"ID_GOL-06\",\"jabatan_fungsional\":\"Lektor\",\"jabatan_struktural\":\"ID_JSTRUKTURAL-03\",\"keahlian\":\"ID_KEAHLIAN-01\",\"pendidikan\":\"ID_PENDIDIKAN-02\",\"kuota_bimbinga\":\"ID_KUOTA-10\",\"dosen_pembimbing\":\"Pembimbing 1\"},{\"npm\":\"2014020003\",\"nama\":\"Fitriani\",\"judul\":\"Sistem Pakar Mengidentifikasi Gizi Buruk Pada Balita Menggunakan Metode Antropometri Berbasis Web\",\"tanggal\":\"01\",\"bulanromawi\":\"XII\",\"bulanbiasa\":\"Desember\",\"tahun\":\"2019\",\"tahun1\":\"2019\",\"tahun2\":\"2020\",\"semester\":\"GANJIL\",\"dosen\":\"Dr. Nasrullah, M.Si.\",\"nip\":\"0913058901\",\"nama_dosen\":\"Billy Eden William Asrul, S.Kom., MT.\",\"golongan\":\"ID_GOL-09\",\"jabatan_fungsional\":\"Asisten Ahli\",\"jabatan_struktural\":\"ID_JSTRUKTURAL-03\",\"keahlian\":\"ID_KEAHLIAN-07\",\"pendidikan\":\"ID_PENDIDIKAN-02\",\"kuota_bimbinga\":\"ID_KUOTA-10\",\"dosen_pembimbing\":\"Pembimbing 2\"}]');
INSERT INTO `tb_suratlap` VALUES (5, 'ID_TRANSAKSI-05', 2014020086, '[{\"npm\":\"2014020086\",\"nama\":\"Timas Harmin\",\"judul\":\"Perancangan Sistem Pendukung Keputusan Pemilihan Kain Sutera Menggunakan Metode Technique For Order Preference By Similarity To Ideal Solution (TOPSIS)\",\"tanggal\":\"01\",\"bulanromawi\":\"XII\",\"bulanbiasa\":\"Desember\",\"tahun\":\"2019\",\"tahun1\":\"2019\",\"tahun2\":\"2020\",\"semester\":\"GANJIL\",\"dosen\":\"Dr. Nasrullah, M.Si.\",\"nip\":\"0031026703\",\"nama_dosen\":\"Dra. Najirah Umar, S.Kom., MT.\",\"golongan\":\"ID_GOL-06\",\"jabatan_fungsional\":\"Lektor\",\"jabatan_struktural\":\"ID_JSTRUKTURAL-03\",\"keahlian\":\"ID_KEAHLIAN-01\",\"pendidikan\":\"ID_PENDIDIKAN-02\",\"kuota_bimbinga\":\"ID_KUOTA-10\",\"dosen_pembimbing\":\"Pembimbing 1\"},{\"npm\":\"2014020086\",\"nama\":\"Timas Harmin\",\"judul\":\"Perancangan Sistem Pendukung Keputusan Pemilihan Kain Sutera Menggunakan Metode Technique For Order Preference By Similarity To Ideal Solution (TOPSIS)\",\"tanggal\":\"01\",\"bulanromawi\":\"XII\",\"bulanbiasa\":\"Desember\",\"tahun\":\"2019\",\"tahun1\":\"2019\",\"tahun2\":\"2020\",\"semester\":\"GANJIL\",\"dosen\":\"Dr. Nasrullah, M.Si.\",\"nip\":\"0913058901\",\"nama_dosen\":\"Billy Eden William Asrul, S.Kom., MT.\",\"golongan\":\"ID_GOL-09\",\"jabatan_fungsional\":\"Asisten Ahli\",\"jabatan_struktural\":\"ID_JSTRUKTURAL-03\",\"keahlian\":\"ID_KEAHLIAN-07\",\"pendidikan\":\"ID_PENDIDIKAN-02\",\"kuota_bimbinga\":\"ID_KUOTA-10\",\"dosen_pembimbing\":\"Pembimbing 2\"}]');
INSERT INTO `tb_suratlap` VALUES (6, 'ID_TRANSAKSI-06', 2014020081, '[{\"npm\":\"2014020081\",\"nama\":\"Syurah A. Furqany\",\"judul\":\"Sistem Pakar Diagnosa Penyakit Tuberkulosis (TB) Menggunakan Metode Demster Shafer (Study Kasus Balai Besar Kesehatan Paru Makassar)\",\"tanggal\":\"01\",\"bulanromawi\":\"XII\",\"bulanbiasa\":\"Desember\",\"tahun\":\"2019\",\"tahun1\":\"2019\",\"tahun2\":\"2020\",\"semester\":\"GANJIL\",\"dosen\":\"Dr. Nasrullah, M.Si.\",\"nip\":\"0031026703\",\"nama_dosen\":\"Dra. Najirah Umar, S.Kom., MT.\",\"golongan\":\"ID_GOL-06\",\"jabatan_fungsional\":\"Lektor\",\"jabatan_struktural\":\"ID_JSTRUKTURAL-03\",\"keahlian\":\"ID_KEAHLIAN-01\",\"pendidikan\":\"ID_PENDIDIKAN-02\",\"kuota_bimbinga\":\"ID_KUOTA-10\",\"dosen_pembimbing\":\"Pembimbing 1\"},{\"npm\":\"2014020081\",\"nama\":\"Syurah A. Furqany\",\"judul\":\"Sistem Pakar Diagnosa Penyakit Tuberkulosis (TB) Menggunakan Metode Demster Shafer (Study Kasus Balai Besar Kesehatan Paru Makassar)\",\"tanggal\":\"01\",\"bulanromawi\":\"XII\",\"bulanbiasa\":\"Desember\",\"tahun\":\"2019\",\"tahun1\":\"2019\",\"tahun2\":\"2020\",\"semester\":\"GANJIL\",\"dosen\":\"Dr. Nasrullah, M.Si.\",\"nip\":\"0913058901\",\"nama_dosen\":\"Billy Eden William Asrul, S.Kom., MT.\",\"golongan\":\"ID_GOL-09\",\"jabatan_fungsional\":\"Asisten Ahli\",\"jabatan_struktural\":\"ID_JSTRUKTURAL-03\",\"keahlian\":\"ID_KEAHLIAN-07\",\"pendidikan\":\"ID_PENDIDIKAN-02\",\"kuota_bimbinga\":\"ID_KUOTA-10\",\"dosen_pembimbing\":\"Pembimbing 2\"}]');
INSERT INTO `tb_suratlap` VALUES (7, 'ID_TRANSAKSI-07', 2014020051, '[{\"npm\":\"2014020051\",\"nama\":\"Hildawati S.\",\"judul\":\"Sistem Pakar Mendiagnosa  Penyakit Gigi Dan Mulut Pada Manusia Dengan Metode Certainty Factor Berbasis Mobile Web\",\"tanggal\":\"01\",\"bulanromawi\":\"XII\",\"bulanbiasa\":\"Desember\",\"tahun\":\"2019\",\"tahun1\":\"2019\",\"tahun2\":\"2020\",\"semester\":\"GANJIL\",\"dosen\":\"Dr. Nasrullah, M.Si.\",\"nip\":\"0031026703\",\"nama_dosen\":\"Dra. Najirah Umar, S.Kom., MT.\",\"golongan\":\"ID_GOL-06\",\"jabatan_fungsional\":\"Lektor\",\"jabatan_struktural\":\"ID_JSTRUKTURAL-03\",\"keahlian\":\"ID_KEAHLIAN-01\",\"pendidikan\":\"ID_PENDIDIKAN-02\",\"kuota_bimbinga\":\"ID_KUOTA-10\",\"dosen_pembimbing\":\"Pembimbing 1\"},{\"npm\":\"2014020051\",\"nama\":\"Hildawati S.\",\"judul\":\"Sistem Pakar Mendiagnosa  Penyakit Gigi Dan Mulut Pada Manusia Dengan Metode Certainty Factor Berbasis Mobile Web\",\"tanggal\":\"01\",\"bulanromawi\":\"XII\",\"bulanbiasa\":\"Desember\",\"tahun\":\"2019\",\"tahun1\":\"2019\",\"tahun2\":\"2020\",\"semester\":\"GANJIL\",\"dosen\":\"Dr. Nasrullah, M.Si.\",\"nip\":\"0913058901\",\"nama_dosen\":\"Billy Eden William Asrul, S.Kom., MT.\",\"golongan\":\"ID_GOL-09\",\"jabatan_fungsional\":\"Asisten Ahli\",\"jabatan_struktural\":\"ID_JSTRUKTURAL-03\",\"keahlian\":\"ID_KEAHLIAN-07\",\"pendidikan\":\"ID_PENDIDIKAN-02\",\"kuota_bimbinga\":\"ID_KUOTA-10\",\"dosen_pembimbing\":\"Pembimbing 2\"}]');
INSERT INTO `tb_suratlap` VALUES (8, 'ID_TRANSAKSI-08', 2014020175, '[{\"npm\":\"2014020175\",\"nama\":\"Emiyati\",\"judul\":\"Sistem Pendukung Keputusan Menentukan Bibit Bawang Merah Berkualitas Menggunakan Metode Analitycal Hierarchy Process (AHP) Berbasis Web\",\"tanggal\":\"01\",\"bulanromawi\":\"XII\",\"bulanbiasa\":\"Desember\",\"tahun\":\"2019\",\"tahun1\":\"2019\",\"tahun2\":\"2020\",\"semester\":\"GANJIL\",\"dosen\":\"Dr. Nasrullah, M.Si.\",\"nip\":\"0031026703\",\"nama_dosen\":\"Dra. Najirah Umar, S.Kom., MT.\",\"golongan\":\"ID_GOL-06\",\"jabatan_fungsional\":\"Lektor\",\"jabatan_struktural\":\"ID_JSTRUKTURAL-03\",\"keahlian\":\"ID_KEAHLIAN-01\",\"pendidikan\":\"ID_PENDIDIKAN-02\",\"kuota_bimbinga\":\"ID_KUOTA-10\",\"dosen_pembimbing\":\"Pembimbing 1\"},{\"npm\":\"2014020175\",\"nama\":\"Emiyati\",\"judul\":\"Sistem Pendukung Keputusan Menentukan Bibit Bawang Merah Berkualitas Menggunakan Metode Analitycal Hierarchy Process (AHP) Berbasis Web\",\"tanggal\":\"01\",\"bulanromawi\":\"XII\",\"bulanbiasa\":\"Desember\",\"tahun\":\"2019\",\"tahun1\":\"2019\",\"tahun2\":\"2020\",\"semester\":\"GANJIL\",\"dosen\":\"Dr. Nasrullah, M.Si.\",\"nip\":\"0913058901\",\"nama_dosen\":\"Billy Eden William Asrul, S.Kom., MT.\",\"golongan\":\"ID_GOL-09\",\"jabatan_fungsional\":\"Asisten Ahli\",\"jabatan_struktural\":\"ID_JSTRUKTURAL-03\",\"keahlian\":\"ID_KEAHLIAN-07\",\"pendidikan\":\"ID_PENDIDIKAN-02\",\"kuota_bimbinga\":\"ID_KUOTA-10\",\"dosen_pembimbing\":\"Pembimbing 2\"}]');
INSERT INTO `tb_suratlap` VALUES (9, 'ID_TRANSAKSI-09', 2013020145, '[{\"npm\":\"2013020145\",\"nama\":\"Ardi Zulkifli\",\"judul\":\"Aplikasi Pembelajaran Organ Tubuh Bagian Dalam Pada Manusia Berbasis Android\",\"tanggal\":\"01\",\"bulanromawi\":\"XII\",\"bulanbiasa\":\"Desember\",\"tahun\":\"2019\",\"tahun1\":\"2019\",\"tahun2\":\"2020\",\"semester\":\"GANJIL\",\"dosen\":\"Dr. Nasrullah, M.Si.\",\"nip\":\"0031026703\",\"nama_dosen\":\"Dra. Najirah Umar, S.Kom., MT.\",\"golongan\":\"ID_GOL-06\",\"jabatan_fungsional\":\"Lektor\",\"jabatan_struktural\":\"ID_JSTRUKTURAL-03\",\"keahlian\":\"ID_KEAHLIAN-01\",\"pendidikan\":\"ID_PENDIDIKAN-02\",\"kuota_bimbinga\":\"ID_KUOTA-10\",\"dosen_pembimbing\":\"Pembimbing 1\"},{\"npm\":\"2013020145\",\"nama\":\"Ardi Zulkifli\",\"judul\":\"Aplikasi Pembelajaran Organ Tubuh Bagian Dalam Pada Manusia Berbasis Android\",\"tanggal\":\"01\",\"bulanromawi\":\"XII\",\"bulanbiasa\":\"Desember\",\"tahun\":\"2019\",\"tahun1\":\"2019\",\"tahun2\":\"2020\",\"semester\":\"GANJIL\",\"dosen\":\"Dr. Nasrullah, M.Si.\",\"nip\":\"0913058901\",\"nama_dosen\":\"Billy Eden William Asrul, S.Kom., MT.\",\"golongan\":\"ID_GOL-09\",\"jabatan_fungsional\":\"Asisten Ahli\",\"jabatan_struktural\":\"ID_JSTRUKTURAL-03\",\"keahlian\":\"ID_KEAHLIAN-07\",\"pendidikan\":\"ID_PENDIDIKAN-02\",\"kuota_bimbinga\":\"ID_KUOTA-10\",\"dosen_pembimbing\":\"Pembimbing 2\"}]');
INSERT INTO `tb_suratlap` VALUES (10, 'ID_TRANSAKSI-10', 2014020027, '[{\"npm\":\"2014020027\",\"nama\":\"Desminto Patulak\",\"judul\":\"Sistem Pakar Konstruksi Menu Makanan Sehat Ibu Hamil Berdasarkan Trimester Menggunakan Metode K-NERST\",\"tanggal\":\"01\",\"bulanromawi\":\"XII\",\"bulanbiasa\":\"Desember\",\"tahun\":\"2019\",\"tahun1\":\"2019\",\"tahun2\":\"2020\",\"semester\":\"GANJIL\",\"dosen\":\"Dr. Nasrullah, M.Si.\",\"nip\":\"0927038102\",\"nama_dosen\":\"Mirfan, S.Kom., MT., M.Kom.\",\"golongan\":\"ID_GOL-08\",\"jabatan_fungsional\":\"Lektor\",\"jabatan_struktural\":\"ID_JSTRUKTURAL-02\",\"keahlian\":\"ID_KEAHLIAN-06\",\"pendidikan\":\"ID_PENDIDIKAN-02\",\"kuota_bimbinga\":\"ID_KUOTA-02\",\"dosen_pembimbing\":\"Pembimbing 1\"},{\"npm\":\"2014020027\",\"nama\":\"Desminto Patulak\",\"judul\":\"Sistem Pakar Konstruksi Menu Makanan Sehat Ibu Hamil Berdasarkan Trimester Menggunakan Metode K-NERST\",\"tanggal\":\"01\",\"bulanromawi\":\"XII\",\"bulanbiasa\":\"Desember\",\"tahun\":\"2019\",\"tahun1\":\"2019\",\"tahun2\":\"2020\",\"semester\":\"GANJIL\",\"dosen\":\"Dr. Nasrullah, M.Si.\",\"nip\":\"0913058901\",\"nama_dosen\":\"Billy Eden William Asrul, S.Kom., MT.\",\"golongan\":\"ID_GOL-09\",\"jabatan_fungsional\":\"Asisten Ahli\",\"jabatan_struktural\":\"ID_JSTRUKTURAL-03\",\"keahlian\":\"ID_KEAHLIAN-07\",\"pendidikan\":\"ID_PENDIDIKAN-02\",\"kuota_bimbinga\":\"ID_KUOTA-10\",\"dosen_pembimbing\":\"Pembimbing 2\"}]');
INSERT INTO `tb_suratlap` VALUES (12, 'ID_TRANSAKSI-11', 2014020001, '[{\"npm\":\"2014020001\",\"nama\":\"M. Aristiawan\",\"judul\":\"Aplikasi Alat Musik Tradisional NTB \"Gula Gending dan Mandolin\" berbasis Android \",\"tanggal\":\"01\",\"bulanromawi\":\"XII\",\"bulanbiasa\":\"Desember\",\"tahun\":\"2019\",\"tahun1\":\"2019\",\"tahun2\":\"2020\",\"semester\":\"GANJIL\",\"dosen\":\"Dr. Nasrullah, M.Si.\",\"nip\":\"0927038102\",\"nama_dosen\":\"Mirfan, S.Kom., MT., M.Kom.\",\"golongan\":\"ID_GOL-08\",\"jabatan_fungsional\":\"Lektor\",\"jabatan_struktural\":\"ID_JSTRUKTURAL-02\",\"keahlian\":\"ID_KEAHLIAN-06\",\"pendidikan\":\"ID_PENDIDIKAN-02\",\"kuota_bimbinga\":\"ID_KUOTA-02\",\"dosen_pembimbing\":\"Pembimbing 1\"},{\"npm\":\"2014020001\",\"nama\":\"M. Aristiawan\",\"judul\":\"Aplikasi Alat Musik Tradisional NTB \"Gula Gending dan Mandolin\" berbasis Android \",\"tanggal\":\"01\",\"bulanromawi\":\"XII\",\"bulanbiasa\":\"Desember\",\"tahun\":\"2019\",\"tahun1\":\"2019\",\"tahun2\":\"2020\",\"semester\":\"GANJIL\",\"dosen\":\"Dr. Nasrullah, M.Si.\",\"nip\":\"0913058901\",\"nama_dosen\":\"Billy Eden William Asrul, S.Kom., MT.\",\"golongan\":\"ID_GOL-09\",\"jabatan_fungsional\":\"Asisten Ahli\",\"jabatan_struktural\":\"ID_JSTRUKTURAL-03\",\"keahlian\":\"ID_KEAHLIAN-07\",\"pendidikan\":\"ID_PENDIDIKAN-02\",\"kuota_bimbinga\":\"ID_KUOTA-10\",\"dosen_pembimbing\":\"Pembimbing 2\"}]');
INSERT INTO `tb_suratlap` VALUES (13, 'ID_TRANSAKSI-12', 2014020037, '[{\"npm\":\"2014020037\",\"nama\":\"Ahmad\",\"judul\":\"Sistem Perhitungan Suara Caleg Terpilih Mengunakan Metode Sainte Lague Berbasis Web\",\"tanggal\":\"01\",\"bulanromawi\":\"XII\",\"bulanbiasa\":\"Desember\",\"tahun\":\"2019\",\"tahun1\":\"2019\",\"tahun2\":\"2020\",\"semester\":\"GANJIL\",\"dosen\":\"Dr. Nasrullah, M.Si.\",\"nip\":\"0927038102\",\"nama_dosen\":\"Mirfan, S.Kom., MT., M.Kom.\",\"golongan\":\"ID_GOL-08\",\"jabatan_fungsional\":\"Lektor\",\"jabatan_struktural\":\"ID_JSTRUKTURAL-02\",\"keahlian\":\"ID_KEAHLIAN-06\",\"pendidikan\":\"ID_PENDIDIKAN-02\",\"kuota_bimbinga\":\"ID_KUOTA-02\",\"dosen_pembimbing\":\"Pembimbing 1\"},{\"npm\":\"2014020037\",\"nama\":\"Ahmad\",\"judul\":\"Sistem Perhitungan Suara Caleg Terpilih Mengunakan Metode Sainte Lague Berbasis Web\",\"tanggal\":\"01\",\"bulanromawi\":\"XII\",\"bulanbiasa\":\"Desember\",\"tahun\":\"2019\",\"tahun1\":\"2019\",\"tahun2\":\"2020\",\"semester\":\"GANJIL\",\"dosen\":\"Dr. Nasrullah, M.Si.\",\"nip\":\"00100116503\",\"nama_dosen\":\"Dr. Nasrullah, M.Si.\",\"golongan\":\"ID_GOL-06\",\"jabatan_fungsional\":\"Lektor\",\"jabatan_struktural\":\"ID_JSTRUKTURAL-02\",\"keahlian\":\"ID_KEAHLIAN-06\",\"pendidikan\":\"ID_PENDIDIKAN-01\",\"kuota_bimbinga\":\"ID_KUOTA-02\",\"dosen_pembimbing\":\"Pembimbing 2\"}]');
INSERT INTO `tb_suratlap` VALUES (14, 'ID_TRANSAKSI-13', 2014020118, '[{\"npm\":\"2014020118\",\"nama\":\"Rahmaniar \",\"judul\":\"Implementasi Metode ELECTRE Dan TOPSIS Untuk Sistem Pendukung Keputusan Penentuan Rekomendasi Takaran Pupuk Anorganik Tanaman Pangan Pada Balai Pengkajian Teknologi Pertanian (BPTP) Sulawesi Selatan \",\"tanggal\":\"01\",\"bulanromawi\":\"XII\",\"bulanbiasa\":\"Desember\",\"tahun\":\"2019\",\"tahun1\":\"2019\",\"tahun2\":\"2020\",\"semester\":\"GANJIL\",\"dosen\":\"Dr. Nasrullah, M.Si.\",\"nip\":\"0927038102\",\"nama_dosen\":\"Mirfan, S.Kom., MT., M.Kom.\",\"golongan\":\"ID_GOL-08\",\"jabatan_fungsional\":\"Lektor\",\"jabatan_struktural\":\"ID_JSTRUKTURAL-02\",\"keahlian\":\"ID_KEAHLIAN-06\",\"pendidikan\":\"ID_PENDIDIKAN-02\",\"kuota_bimbinga\":\"ID_KUOTA-02\",\"dosen_pembimbing\":\"Pembimbing 1\"},{\"npm\":\"2014020118\",\"nama\":\"Rahmaniar \",\"judul\":\"Implementasi Metode ELECTRE Dan TOPSIS Untuk Sistem Pendukung Keputusan Penentuan Rekomendasi Takaran Pupuk Anorganik Tanaman Pangan Pada Balai Pengkajian Teknologi Pertanian (BPTP) Sulawesi Selatan \",\"tanggal\":\"01\",\"bulanromawi\":\"XII\",\"bulanbiasa\":\"Desember\",\"tahun\":\"2019\",\"tahun1\":\"2019\",\"tahun2\":\"2020\",\"semester\":\"GANJIL\",\"dosen\":\"Dr. Nasrullah, M.Si.\",\"nip\":\"00100116503\",\"nama_dosen\":\"Dr. Nasrullah, M.Si.\",\"golongan\":\"ID_GOL-06\",\"jabatan_fungsional\":\"Lektor\",\"jabatan_struktural\":\"ID_JSTRUKTURAL-02\",\"keahlian\":\"ID_KEAHLIAN-06\",\"pendidikan\":\"ID_PENDIDIKAN-01\",\"kuota_bimbinga\":\"ID_KUOTA-02\",\"dosen_pembimbing\":\"Pembimbing 2\"}]');
INSERT INTO `tb_suratlap` VALUES (15, 'ID_TRANSAKSI-14', 2016020196, '[{\"npm\":\"2016020196\",\"nama\":\"Falentinus Edu\",\"judul\":\"Aplikasi Belajar Alat Musik Sasando Berbasis Android\",\"tanggal\":\"01\",\"bulanromawi\":\"XII\",\"bulanbiasa\":\"Desember\",\"tahun\":\"2019\",\"tahun1\":\"2019\",\"tahun2\":\"2020\",\"semester\":\"GANJIL\",\"dosen\":\"Dr. Nasrullah, M.Si.\",\"nip\":\"0927038102\",\"nama_dosen\":\"Mirfan, S.Kom., MT., M.Kom.\",\"golongan\":\"ID_GOL-08\",\"jabatan_fungsional\":\"Lektor\",\"jabatan_struktural\":\"ID_JSTRUKTURAL-02\",\"keahlian\":\"ID_KEAHLIAN-06\",\"pendidikan\":\"ID_PENDIDIKAN-02\",\"kuota_bimbinga\":\"ID_KUOTA-02\",\"dosen_pembimbing\":\"Pembimbing 1\"},{\"npm\":\"2016020196\",\"nama\":\"Falentinus Edu\",\"judul\":\"Aplikasi Belajar Alat Musik Sasando Berbasis Android\",\"tanggal\":\"01\",\"bulanromawi\":\"XII\",\"bulanbiasa\":\"Desember\",\"tahun\":\"2019\",\"tahun1\":\"2019\",\"tahun2\":\"2020\",\"semester\":\"GANJIL\",\"dosen\":\"Dr. Nasrullah, M.Si.\",\"nip\":\"00100116503\",\"nama_dosen\":\"Dr. Nasrullah, M.Si.\",\"golongan\":\"ID_GOL-06\",\"jabatan_fungsional\":\"Lektor\",\"jabatan_struktural\":\"ID_JSTRUKTURAL-02\",\"keahlian\":\"ID_KEAHLIAN-06\",\"pendidikan\":\"ID_PENDIDIKAN-01\",\"kuota_bimbinga\":\"ID_KUOTA-02\",\"dosen_pembimbing\":\"Pembimbing 2\"}]');
INSERT INTO `tb_suratlap` VALUES (16, 'ID_TRANSAKSI-15', 2015020173, '[{\"npm\":\"2015020173\",\"nama\":\"Saiful\",\"judul\":\"Pembuatan Aplikasi Multimedia Interaktif Peta Virtual Pariwisata Kab. Enrekang Berbasis Android\",\"tanggal\":\"01\",\"bulanromawi\":\"XII\",\"bulanbiasa\":\"Desember\",\"tahun\":\"2019\",\"tahun1\":\"2019\",\"tahun2\":\"2020\",\"semester\":\"GANJIL\",\"dosen\":\"Dr. Nasrullah, M.Si.\",\"nip\":\"0927038102\",\"nama_dosen\":\"Mirfan, S.Kom., MT., M.Kom.\",\"golongan\":\"ID_GOL-08\",\"jabatan_fungsional\":\"Lektor\",\"jabatan_struktural\":\"ID_JSTRUKTURAL-02\",\"keahlian\":\"ID_KEAHLIAN-06\",\"pendidikan\":\"ID_PENDIDIKAN-02\",\"kuota_bimbinga\":\"ID_KUOTA-02\",\"dosen_pembimbing\":\"Pembimbing 1\"},{\"npm\":\"2015020173\",\"nama\":\"Saiful\",\"judul\":\"Pembuatan Aplikasi Multimedia Interaktif Peta Virtual Pariwisata Kab. Enrekang Berbasis Android\",\"tanggal\":\"01\",\"bulanromawi\":\"XII\",\"bulanbiasa\":\"Desember\",\"tahun\":\"2019\",\"tahun1\":\"2019\",\"tahun2\":\"2020\",\"semester\":\"GANJIL\",\"dosen\":\"Dr. Nasrullah, M.Si.\",\"nip\":\"00100116503\",\"nama_dosen\":\"Dr. Nasrullah, M.Si.\",\"golongan\":\"ID_GOL-06\",\"jabatan_fungsional\":\"Lektor\",\"jabatan_struktural\":\"ID_JSTRUKTURAL-02\",\"keahlian\":\"ID_KEAHLIAN-06\",\"pendidikan\":\"ID_PENDIDIKAN-01\",\"kuota_bimbinga\":\"ID_KUOTA-02\",\"dosen_pembimbing\":\"Pembimbing 2\"}]');
INSERT INTO `tb_suratlap` VALUES (17, 'ID_TRANSAKSI-16', 2014020091, '[{\"npm\":\"2014020091\",\"nama\":\"Rasma\",\"judul\":\"Sistem Pakar Diagnosa Penyakit Kulit Pada Sapi Menggunakan Metode Fuzzy Mamdani Berbasis Web Pada Dinas Peternakan Dan Perkebunan Kabupaten Pinrang\",\"tanggal\":\"01\",\"bulanromawi\":\"XII\",\"bulanbiasa\":\"Desember\",\"tahun\":\"2019\",\"tahun1\":\"2019\",\"tahun2\":\"2020\",\"semester\":\"GANJIL\",\"dosen\":\"Dr. Nasrullah, M.Si.\",\"nip\":\"0927038102\",\"nama_dosen\":\"Mirfan, S.Kom., MT., M.Kom.\",\"golongan\":\"ID_GOL-08\",\"jabatan_fungsional\":\"Lektor\",\"jabatan_struktural\":\"ID_JSTRUKTURAL-02\",\"keahlian\":\"ID_KEAHLIAN-06\",\"pendidikan\":\"ID_PENDIDIKAN-02\",\"kuota_bimbinga\":\"ID_KUOTA-02\",\"dosen_pembimbing\":\"Pembimbing 1\"},{\"npm\":\"2014020091\",\"nama\":\"Rasma\",\"judul\":\"Sistem Pakar Diagnosa Penyakit Kulit Pada Sapi Menggunakan Metode Fuzzy Mamdani Berbasis Web Pada Dinas Peternakan Dan Perkebunan Kabupaten Pinrang\",\"tanggal\":\"01\",\"bulanromawi\":\"XII\",\"bulanbiasa\":\"Desember\",\"tahun\":\"2019\",\"tahun1\":\"2019\",\"tahun2\":\"2020\",\"semester\":\"GANJIL\",\"dosen\":\"Dr. Nasrullah, M.Si.\",\"nip\":\"00100116503\",\"nama_dosen\":\"Dr. Nasrullah, M.Si.\",\"golongan\":\"ID_GOL-06\",\"jabatan_fungsional\":\"Lektor\",\"jabatan_struktural\":\"ID_JSTRUKTURAL-02\",\"keahlian\":\"ID_KEAHLIAN-06\",\"pendidikan\":\"ID_PENDIDIKAN-01\",\"kuota_bimbinga\":\"ID_KUOTA-02\",\"dosen_pembimbing\":\"Pembimbing 2\"}]');
INSERT INTO `tb_suratlap` VALUES (18, 'ID_TRANSAKSI-17', 2014020034, '[{\"npm\":\"2014020034\",\"nama\":\"Andi Anis Wati Anas\",\"judul\":\"Aplikasi Media Pembelajaran Tata Cara Shalat Wajib Untuk Anak Usia Dini Di TK Aisyah Kelurahan Bontoparang Kecamatan Parangloe Kabupaten Gowa\",\"tanggal\":\"01\",\"bulanromawi\":\"XII\",\"bulanbiasa\":\"Desember\",\"tahun\":\"2019\",\"tahun1\":\"2019\",\"tahun2\":\"2020\",\"semester\":\"GANJIL\",\"dosen\":\"Dr. Nasrullah, M.Si.\",\"nip\":\"00100116503\",\"nama_dosen\":\"Dr. Nasrullah, M.Si.\",\"golongan\":\"ID_GOL-06\",\"jabatan_fungsional\":\"Lektor\",\"jabatan_struktural\":\"ID_JSTRUKTURAL-02\",\"keahlian\":\"ID_KEAHLIAN-06\",\"pendidikan\":\"ID_PENDIDIKAN-01\",\"kuota_bimbinga\":\"ID_KUOTA-02\",\"dosen_pembimbing\":\"Pembimbing 1\"},{\"npm\":\"2014020034\",\"nama\":\"Andi Anis Wati Anas\",\"judul\":\"Aplikasi Media Pembelajaran Tata Cara Shalat Wajib Untuk Anak Usia Dini Di TK Aisyah Kelurahan Bontoparang Kecamatan Parangloe Kabupaten Gowa\",\"tanggal\":\"01\",\"bulanromawi\":\"XII\",\"bulanbiasa\":\"Desember\",\"tahun\":\"2019\",\"tahun1\":\"2019\",\"tahun2\":\"2020\",\"semester\":\"GANJIL\",\"dosen\":\"Dr. Nasrullah, M.Si.\",\"nip\":\"0010037501\",\"nama_dosen\":\"Dr. Abdul Latief Arda, M.Si., M.Kom.\",\"golongan\":\"ID_GOL-07\",\"jabatan_fungsional\":\"Lektor\",\"jabatan_struktural\":\"ID_JSTRUKTURAL-03\",\"keahlian\":\"ID_KEAHLIAN-02\",\"pendidikan\":\"ID_PENDIDIKAN-01\",\"kuota_bimbinga\":\"ID_KUOTA-01\",\"dosen_pembimbing\":\"Pembimbing 2\"}]');
INSERT INTO `tb_suratlap` VALUES (19, 'ID_TRANSAKSI-18', 2014020034, '[{\"npm\":\"2014020034\",\"nama\":\"Andi Anis Wati Anas\",\"judul\":\"Aplikasi Media Pembelajaran Tata Cara Shalat Wajib Untuk Anak Usia Dini Di TK Aisyah Kelurahan Bontoparang Kecamatan Parangloe Kabupaten Gowa\",\"tanggal\":\"01\",\"bulanromawi\":\"XII\",\"bulanbiasa\":\"Desember\",\"tahun\":\"2019\",\"tahun1\":\"2019\",\"tahun2\":\"2020\",\"semester\":\"GANJIL\",\"dosen\":\"Dr. Nasrullah, M.Si.\",\"nip\":\"0010037501\",\"nama_dosen\":\"Dr. Abdul Latief Arda, M.Si., M.Kom.\",\"golongan\":\"ID_GOL-07\",\"jabatan_fungsional\":\"Lektor\",\"jabatan_struktural\":\"ID_JSTRUKTURAL-03\",\"keahlian\":\"ID_KEAHLIAN-02\",\"pendidikan\":\"ID_PENDIDIKAN-01\",\"kuota_bimbinga\":\"ID_KUOTA-01\",\"dosen_pembimbing\":\"Pembimbing 1\"},{\"npm\":\"2014020034\",\"nama\":\"Andi Anis Wati Anas\",\"judul\":\"Aplikasi Media Pembelajaran Tata Cara Shalat Wajib Untuk Anak Usia Dini Di TK Aisyah Kelurahan Bontoparang Kecamatan Parangloe Kabupaten Gowa\",\"tanggal\":\"01\",\"bulanromawi\":\"XII\",\"bulanbiasa\":\"Desember\",\"tahun\":\"2019\",\"tahun1\":\"2019\",\"tahun2\":\"2020\",\"semester\":\"GANJIL\",\"dosen\":\"Dr. Nasrullah, M.Si.\",\"nip\":\"0920087704\",\"nama_dosen\":\"Muhammad Risal., S.Kom., MT.\",\"golongan\":\"ID_GOL-07\",\"jabatan_fungsional\":\"Lektor\",\"jabatan_struktural\":\"ID_JSTRUKTURAL-03\",\"keahlian\":\"ID_KEAHLIAN-03\",\"pendidikan\":\"ID_PENDIDIKAN-02\",\"kuota_bimbinga\":\"ID_KUOTA-01\",\"dosen_pembimbing\":\"Pembimbing 2\"}]');
INSERT INTO `tb_suratlap` VALUES (20, 'ID_TRANSAKSI-19', 2014020090, '[{\"npm\":\"2014020090\",\"nama\":\"Yudha Hardian Pratama\",\"judul\":\"Sistem Pakar Mendiagnosa Penyakit Kelinci Menggunakan Metode Certainty Factor Berbasis Web\",\"tanggal\":\"01\",\"bulanromawi\":\"XII\",\"bulanbiasa\":\"Desember\",\"tahun\":\"2019\",\"tahun1\":\"2019\",\"tahun2\":\"2020\",\"semester\":\"GANJIL\",\"dosen\":\"Dr. Nasrullah, M.Si.\",\"nip\":\"0010037501\",\"nama_dosen\":\"Dr. Abdul Latief Arda, M.Si., M.Kom.\",\"golongan\":\"ID_GOL-07\",\"jabatan_fungsional\":\"Lektor\",\"jabatan_struktural\":\"ID_JSTRUKTURAL-03\",\"keahlian\":\"ID_KEAHLIAN-02\",\"pendidikan\":\"ID_PENDIDIKAN-01\",\"kuota_bimbinga\":\"ID_KUOTA-01\",\"dosen_pembimbing\":\"Pembimbing 1\"},{\"npm\":\"2014020090\",\"nama\":\"Yudha Hardian Pratama\",\"judul\":\"Sistem Pakar Mendiagnosa Penyakit Kelinci Menggunakan Metode Certainty Factor Berbasis Web\",\"tanggal\":\"01\",\"bulanromawi\":\"XII\",\"bulanbiasa\":\"Desember\",\"tahun\":\"2019\",\"tahun1\":\"2019\",\"tahun2\":\"2020\",\"semester\":\"GANJIL\",\"dosen\":\"Dr. Nasrullah, M.Si.\",\"nip\":\"0920087704\",\"nama_dosen\":\"Muhammad Risal., S.Kom., MT.\",\"golongan\":\"ID_GOL-07\",\"jabatan_fungsional\":\"Lektor\",\"jabatan_struktural\":\"ID_JSTRUKTURAL-03\",\"keahlian\":\"ID_KEAHLIAN-03\",\"pendidikan\":\"ID_PENDIDIKAN-02\",\"kuota_bimbinga\":\"ID_KUOTA-01\",\"dosen_pembimbing\":\"Pembimbing 2\"}]');
INSERT INTO `tb_suratlap` VALUES (21, 'ID_TRANSAKSI-20', 2013020074, '[{\"npm\":\"2013020074\",\"nama\":\"Rinaldi Ismail Jaman\",\"judul\":\"Aplikais Media Pembelajaran Chord Guitar Berbasis Android\",\"tanggal\":\"01\",\"bulanromawi\":\"XII\",\"bulanbiasa\":\"Desember\",\"tahun\":\"2019\",\"tahun1\":\"2019\",\"tahun2\":\"2020\",\"semester\":\"GANJIL\",\"dosen\":\"Dr. Nasrullah, M.Si.\",\"nip\":\"0010037501\",\"nama_dosen\":\"Dr. Abdul Latief Arda, M.Si., M.Kom.\",\"golongan\":\"ID_GOL-07\",\"jabatan_fungsional\":\"Lektor\",\"jabatan_struktural\":\"ID_JSTRUKTURAL-03\",\"keahlian\":\"ID_KEAHLIAN-02\",\"pendidikan\":\"ID_PENDIDIKAN-01\",\"kuota_bimbinga\":\"ID_KUOTA-01\",\"dosen_pembimbing\":\"Pembimbing 1\"},{\"npm\":\"2013020074\",\"nama\":\"Rinaldi Ismail Jaman\",\"judul\":\"Aplikais Media Pembelajaran Chord Guitar Berbasis Android\",\"tanggal\":\"01\",\"bulanromawi\":\"XII\",\"bulanbiasa\":\"Desember\",\"tahun\":\"2019\",\"tahun1\":\"2019\",\"tahun2\":\"2020\",\"semester\":\"GANJIL\",\"dosen\":\"Dr. Nasrullah, M.Si.\",\"nip\":\"0903127202\",\"nama_dosen\":\"Guntur, S.Kom., MT.\",\"golongan\":\"ID_GOL-08\",\"jabatan_fungsional\":\"Asisten Ahli\",\"jabatan_struktural\":\"ID_JSTRUKTURAL-03\",\"keahlian\":\"ID_KEAHLIAN-02\",\"pendidikan\":\"ID_PENDIDIKAN-02\",\"kuota_bimbinga\":\"ID_KUOTA-02\",\"dosen_pembimbing\":\"Pembimbing 2\"}]');
INSERT INTO `tb_suratlap` VALUES (22, 'ID_TRANSAKSI-21', 2014020156, '[{\"npm\":\"2014020156\",\"nama\":\"Sofyan Nurhadi\",\"judul\":\"Perbandingan Metode Fuzzy K-Nearest Neighbor Dengan Metode Fuzzy Tsukamoto Pada Sistem Pendukung Keputusan Tingkat Keparahan Autis\",\"tanggal\":\"01\",\"bulanromawi\":\"XII\",\"bulanbiasa\":\"Desember\",\"tahun\":\"2019\",\"tahun1\":\"2019\",\"tahun2\":\"2020\",\"semester\":\"GANJIL\",\"dosen\":\"Dr. Nasrullah, M.Si.\",\"nip\":\"0010037501\",\"nama_dosen\":\"Dr. Abdul Latief Arda, M.Si., M.Kom.\",\"golongan\":\"ID_GOL-07\",\"jabatan_fungsional\":\"Lektor\",\"jabatan_struktural\":\"ID_JSTRUKTURAL-03\",\"keahlian\":\"ID_KEAHLIAN-02\",\"pendidikan\":\"ID_PENDIDIKAN-01\",\"kuota_bimbinga\":\"ID_KUOTA-01\",\"dosen_pembimbing\":\"Pembimbing 1\"},{\"npm\":\"2014020156\",\"nama\":\"Sofyan Nurhadi\",\"judul\":\"Perbandingan Metode Fuzzy K-Nearest Neighbor Dengan Metode Fuzzy Tsukamoto Pada Sistem Pendukung Keputusan Tingkat Keparahan Autis\",\"tanggal\":\"01\",\"bulanromawi\":\"XII\",\"bulanbiasa\":\"Desember\",\"tahun\":\"2019\",\"tahun1\":\"2019\",\"tahun2\":\"2020\",\"semester\":\"GANJIL\",\"dosen\":\"Dr. Nasrullah, M.Si.\",\"nip\":\"0903127202\",\"nama_dosen\":\"Guntur, S.Kom., MT.\",\"golongan\":\"ID_GOL-08\",\"jabatan_fungsional\":\"Asisten Ahli\",\"jabatan_struktural\":\"ID_JSTRUKTURAL-03\",\"keahlian\":\"ID_KEAHLIAN-02\",\"pendidikan\":\"ID_PENDIDIKAN-02\",\"kuota_bimbinga\":\"ID_KUOTA-02\",\"dosen_pembimbing\":\"Pembimbing 2\"}]');
INSERT INTO `tb_suratlap` VALUES (24, 'ID_TRANSAKSI-22', 2015020025, '[{\"npm\":\"2015020025\",\"nama\":\"dfdfs\",\"judul\":\"cdv\",\"tanggal\":\"01\",\"bulanromawi\":\"XII\",\"tahun\":\"2019\",\"tahun1\":\"2019\",\"tahun2\":\"2020\",\"semester\":\"GANJIL\",\"dosen\":\"\",\"nip\":\"0928038902\",\"nama_dosen\":\"Muhammad Akbar., S.Kom., M.Kom.\",\"dosen_pembimbing\":\"Pembimbing 1\"},{\"npm\":\"2015020025\",\"nama\":\"dfdfs\",\"judul\":\"cdv\",\"tanggal\":\"01\",\"bulanromawi\":\"XII\",\"tahun\":\"2019\",\"tahun1\":\"2019\",\"tahun2\":\"2020\",\"semester\":\"GANJIL\",\"dosen\":\"\",\"nip\":\"0914058403\",\"nama_dosen\":\"Dr.Eng. Yuyun, S.Kom.MT.\",\"dosen_pembimbing\":\"Pembimbing 2\"}]');

-- ----------------------------
-- Table structure for tb_trsbimbingan
-- ----------------------------
DROP TABLE IF EXISTS `tb_trsbimbingan`;
CREATE TABLE `tb_trsbimbingan`  (
  `kd_trsbimbingan` varchar(20) CHARACTER SET latin1 COLLATE latin1_swedish_ci NOT NULL,
  `npm` varchar(12) CHARACTER SET latin1 COLLATE latin1_swedish_ci NULL DEFAULT NULL,
  `pembimbing1` varchar(50) CHARACTER SET latin1 COLLATE latin1_swedish_ci NOT NULL,
  `pembimbing2` varchar(50) CHARACTER SET latin1 COLLATE latin1_swedish_ci NOT NULL,
  `dosen_pembimbing` text CHARACTER SET latin1 COLLATE latin1_swedish_ci NULL,
  PRIMARY KEY (`kd_trsbimbingan`) USING BTREE,
  INDEX `pembimbing1`(`pembimbing1`) USING BTREE,
  INDEX `pembimbing2`(`pembimbing2`) USING BTREE,
  INDEX `npm`(`npm`) USING BTREE,
  CONSTRAINT `trs_to_mhs` FOREIGN KEY (`npm`) REFERENCES `tb_datamhs` (`npm`) ON DELETE CASCADE ON UPDATE CASCADE
) ENGINE = InnoDB CHARACTER SET = latin1 COLLATE = latin1_swedish_ci ROW_FORMAT = Dynamic;

-- ----------------------------
-- Records of tb_trsbimbingan
-- ----------------------------
INSERT INTO `tb_trsbimbingan` VALUES ('ID_TRANSAKSI-01', '2015020210', '0031026703', '0913058901', '[{\"nip\":\"0031026703\",\"nama_dosen\":\"Dra. Najirah Umar, S.Kom., MT.\",\"golongan\":\"ID_GOL-06\",\"jabatan_fungsional\":\"Lektor\",\"jabatan_struktural\":\"ID_JSTRUKTURAL-03\",\"keahlian\":\"ID_KEAHLIAN-01\",\"pendidikan\":\"ID_PENDIDIKAN-02\",\"kuota_bimbingan\":\"ID_KUOTA-10\",\"dosen_pembimbing\":\"Pembimbing 1\"},{\"nip\":\"0913058901\",\"nama_dosen\":\"Billy Eden William Asrul, S.Kom., MT.\",\"golongan\":\"ID_GOL-09\",\"jabatan_fungsional\":\"Asisten Ahli\",\"jabatan_struktural\":\"ID_JSTRUKTURAL-03\",\"keahlian\":\"ID_KEAHLIAN-07\",\"pendidikan\":\"ID_PENDIDIKAN-02\",\"kuota_bimbingan\":\"ID_KUOTA-10\",\"dosen_pembimbing\":\"Pembimbing 2\"}]');
INSERT INTO `tb_trsbimbingan` VALUES ('ID_TRANSAKSI-02', '2013020128', '0031026703', '0913058901', '[{\"nip\":\"0031026703\",\"nama_dosen\":\"Dra. Najirah Umar, S.Kom., MT.\",\"golongan\":\"ID_GOL-06\",\"jabatan_fungsional\":\"Lektor\",\"jabatan_struktural\":\"ID_JSTRUKTURAL-03\",\"keahlian\":\"ID_KEAHLIAN-01\",\"pendidikan\":\"ID_PENDIDIKAN-02\",\"kuota_bimbingan\":\"ID_KUOTA-10\",\"dosen_pembimbing\":\"Pembimbing 1\"},{\"nip\":\"0913058901\",\"nama_dosen\":\"Billy Eden William Asrul, S.Kom., MT.\",\"golongan\":\"ID_GOL-09\",\"jabatan_fungsional\":\"Asisten Ahli\",\"jabatan_struktural\":\"ID_JSTRUKTURAL-03\",\"keahlian\":\"ID_KEAHLIAN-07\",\"pendidikan\":\"ID_PENDIDIKAN-02\",\"kuota_bimbingan\":\"ID_KUOTA-10\",\"dosen_pembimbing\":\"Pembimbing 2\"}]');
INSERT INTO `tb_trsbimbingan` VALUES ('ID_TRANSAKSI-03', '2014020064', '0031026703', '0913058901', '[{\"nip\":\"0031026703\",\"nama_dosen\":\"Dra. Najirah Umar, S.Kom., MT.\",\"golongan\":\"ID_GOL-06\",\"jabatan_fungsional\":\"Lektor\",\"jabatan_struktural\":\"ID_JSTRUKTURAL-03\",\"keahlian\":\"ID_KEAHLIAN-01\",\"pendidikan\":\"ID_PENDIDIKAN-02\",\"kuota_bimbingan\":\"ID_KUOTA-10\",\"dosen_pembimbing\":\"Pembimbing 1\"},{\"nip\":\"0913058901\",\"nama_dosen\":\"Billy Eden William Asrul, S.Kom., MT.\",\"golongan\":\"ID_GOL-09\",\"jabatan_fungsional\":\"Asisten Ahli\",\"jabatan_struktural\":\"ID_JSTRUKTURAL-03\",\"keahlian\":\"ID_KEAHLIAN-07\",\"pendidikan\":\"ID_PENDIDIKAN-02\",\"kuota_bimbingan\":\"ID_KUOTA-10\",\"dosen_pembimbing\":\"Pembimbing 2\"}]');
INSERT INTO `tb_trsbimbingan` VALUES ('ID_TRANSAKSI-04', '2014020003', '0031026703', '0913058901', '[{\"nip\":\"0031026703\",\"nama_dosen\":\"Dra. Najirah Umar, S.Kom., MT.\",\"golongan\":\"ID_GOL-06\",\"jabatan_fungsional\":\"Lektor\",\"jabatan_struktural\":\"ID_JSTRUKTURAL-03\",\"keahlian\":\"ID_KEAHLIAN-01\",\"pendidikan\":\"ID_PENDIDIKAN-02\",\"kuota_bimbingan\":\"ID_KUOTA-10\",\"dosen_pembimbing\":\"Pembimbing 1\"},{\"nip\":\"0913058901\",\"nama_dosen\":\"Billy Eden William Asrul, S.Kom., MT.\",\"golongan\":\"ID_GOL-09\",\"jabatan_fungsional\":\"Asisten Ahli\",\"jabatan_struktural\":\"ID_JSTRUKTURAL-03\",\"keahlian\":\"ID_KEAHLIAN-07\",\"pendidikan\":\"ID_PENDIDIKAN-02\",\"kuota_bimbingan\":\"ID_KUOTA-10\",\"dosen_pembimbing\":\"Pembimbing 2\"}]');
INSERT INTO `tb_trsbimbingan` VALUES ('ID_TRANSAKSI-05', '2014020086', '0031026703', '0913058901', '[{\"nip\":\"0031026703\",\"nama_dosen\":\"Dra. Najirah Umar, S.Kom., MT.\",\"golongan\":\"ID_GOL-06\",\"jabatan_fungsional\":\"Lektor\",\"jabatan_struktural\":\"ID_JSTRUKTURAL-03\",\"keahlian\":\"ID_KEAHLIAN-01\",\"pendidikan\":\"ID_PENDIDIKAN-02\",\"kuota_bimbingan\":\"ID_KUOTA-10\",\"dosen_pembimbing\":\"Pembimbing 1\"},{\"nip\":\"0913058901\",\"nama_dosen\":\"Billy Eden William Asrul, S.Kom., MT.\",\"golongan\":\"ID_GOL-09\",\"jabatan_fungsional\":\"Asisten Ahli\",\"jabatan_struktural\":\"ID_JSTRUKTURAL-03\",\"keahlian\":\"ID_KEAHLIAN-07\",\"pendidikan\":\"ID_PENDIDIKAN-02\",\"kuota_bimbingan\":\"ID_KUOTA-10\",\"dosen_pembimbing\":\"Pembimbing 2\"}]');
INSERT INTO `tb_trsbimbingan` VALUES ('ID_TRANSAKSI-06', '2014020081', '0031026703', '0913058901', '[{\"nip\":\"0031026703\",\"nama_dosen\":\"Dra. Najirah Umar, S.Kom., MT.\",\"golongan\":\"ID_GOL-06\",\"jabatan_fungsional\":\"Lektor\",\"jabatan_struktural\":\"ID_JSTRUKTURAL-03\",\"keahlian\":\"ID_KEAHLIAN-01\",\"pendidikan\":\"ID_PENDIDIKAN-02\",\"kuota_bimbingan\":\"ID_KUOTA-10\",\"dosen_pembimbing\":\"Pembimbing 1\"},{\"nip\":\"0913058901\",\"nama_dosen\":\"Billy Eden William Asrul, S.Kom., MT.\",\"golongan\":\"ID_GOL-09\",\"jabatan_fungsional\":\"Asisten Ahli\",\"jabatan_struktural\":\"ID_JSTRUKTURAL-03\",\"keahlian\":\"ID_KEAHLIAN-07\",\"pendidikan\":\"ID_PENDIDIKAN-02\",\"kuota_bimbingan\":\"ID_KUOTA-10\",\"dosen_pembimbing\":\"Pembimbing 2\"}]');
INSERT INTO `tb_trsbimbingan` VALUES ('ID_TRANSAKSI-07', '2014020051', '0031026703', '0913058901', '[{\"nip\":\"0031026703\",\"nama_dosen\":\"Dra. Najirah Umar, S.Kom., MT.\",\"golongan\":\"ID_GOL-06\",\"jabatan_fungsional\":\"Lektor\",\"jabatan_struktural\":\"ID_JSTRUKTURAL-03\",\"keahlian\":\"ID_KEAHLIAN-01\",\"pendidikan\":\"ID_PENDIDIKAN-02\",\"kuota_bimbingan\":\"ID_KUOTA-10\",\"dosen_pembimbing\":\"Pembimbing 1\"},{\"nip\":\"0913058901\",\"nama_dosen\":\"Billy Eden William Asrul, S.Kom., MT.\",\"golongan\":\"ID_GOL-09\",\"jabatan_fungsional\":\"Asisten Ahli\",\"jabatan_struktural\":\"ID_JSTRUKTURAL-03\",\"keahlian\":\"ID_KEAHLIAN-07\",\"pendidikan\":\"ID_PENDIDIKAN-02\",\"kuota_bimbingan\":\"ID_KUOTA-10\",\"dosen_pembimbing\":\"Pembimbing 2\"}]');
INSERT INTO `tb_trsbimbingan` VALUES ('ID_TRANSAKSI-08', '2014020175', '0031026703', '0913058901', '[{\"nip\":\"0031026703\",\"nama_dosen\":\"Dra. Najirah Umar, S.Kom., MT.\",\"golongan\":\"ID_GOL-06\",\"jabatan_fungsional\":\"Lektor\",\"jabatan_struktural\":\"ID_JSTRUKTURAL-03\",\"keahlian\":\"ID_KEAHLIAN-01\",\"pendidikan\":\"ID_PENDIDIKAN-02\",\"kuota_bimbingan\":\"ID_KUOTA-10\",\"dosen_pembimbing\":\"Pembimbing 1\"},{\"nip\":\"0913058901\",\"nama_dosen\":\"Billy Eden William Asrul, S.Kom., MT.\",\"golongan\":\"ID_GOL-09\",\"jabatan_fungsional\":\"Asisten Ahli\",\"jabatan_struktural\":\"ID_JSTRUKTURAL-03\",\"keahlian\":\"ID_KEAHLIAN-07\",\"pendidikan\":\"ID_PENDIDIKAN-02\",\"kuota_bimbingan\":\"ID_KUOTA-10\",\"dosen_pembimbing\":\"Pembimbing 2\"}]');
INSERT INTO `tb_trsbimbingan` VALUES ('ID_TRANSAKSI-09', '2013020145', '0031026703', '0913058901', '[{\"nip\":\"0031026703\",\"nama_dosen\":\"Dra. Najirah Umar, S.Kom., MT.\",\"golongan\":\"ID_GOL-06\",\"jabatan_fungsional\":\"Lektor\",\"jabatan_struktural\":\"ID_JSTRUKTURAL-03\",\"keahlian\":\"ID_KEAHLIAN-01\",\"pendidikan\":\"ID_PENDIDIKAN-02\",\"kuota_bimbingan\":\"ID_KUOTA-10\",\"dosen_pembimbing\":\"Pembimbing 1\"},{\"nip\":\"0913058901\",\"nama_dosen\":\"Billy Eden William Asrul, S.Kom., MT.\",\"golongan\":\"ID_GOL-09\",\"jabatan_fungsional\":\"Asisten Ahli\",\"jabatan_struktural\":\"ID_JSTRUKTURAL-03\",\"keahlian\":\"ID_KEAHLIAN-07\",\"pendidikan\":\"ID_PENDIDIKAN-02\",\"kuota_bimbingan\":\"ID_KUOTA-10\",\"dosen_pembimbing\":\"Pembimbing 2\"}]');
INSERT INTO `tb_trsbimbingan` VALUES ('ID_TRANSAKSI-10', '2014020027', '0927038102', '0913058901', '[{\"nip\":\"0927038102\",\"nama_dosen\":\"Mirfan, S.Kom., MT., M.Kom.\",\"golongan\":\"ID_GOL-08\",\"jabatan_fungsional\":\"Lektor\",\"jabatan_struktural\":\"ID_JSTRUKTURAL-02\",\"keahlian\":\"ID_KEAHLIAN-06\",\"pendidikan\":\"ID_PENDIDIKAN-02\",\"kuota_bimbingan\":\"ID_KUOTA-02\",\"dosen_pembimbing\":\"Pembimbing 1\"},{\"nip\":\"0913058901\",\"nama_dosen\":\"Billy Eden William Asrul, S.Kom., MT.\",\"golongan\":\"ID_GOL-09\",\"jabatan_fungsional\":\"Asisten Ahli\",\"jabatan_struktural\":\"ID_JSTRUKTURAL-03\",\"keahlian\":\"ID_KEAHLIAN-07\",\"pendidikan\":\"ID_PENDIDIKAN-02\",\"kuota_bimbingan\":\"ID_KUOTA-10\",\"dosen_pembimbing\":\"Pembimbing 2\"}]');
INSERT INTO `tb_trsbimbingan` VALUES ('ID_TRANSAKSI-11', '2014020001', '0927038102', '0913058901', '[{\"nip\":\"0927038102\",\"nama_dosen\":\"Mirfan, S.Kom., MT., M.Kom.\",\"golongan\":\"ID_GOL-08\",\"jabatan_fungsional\":\"Lektor\",\"jabatan_struktural\":\"ID_JSTRUKTURAL-02\",\"keahlian\":\"ID_KEAHLIAN-06\",\"pendidikan\":\"ID_PENDIDIKAN-02\",\"kuota_bimbingan\":\"ID_KUOTA-02\",\"dosen_pembimbing\":\"Pembimbing 1\"},{\"nip\":\"0913058901\",\"nama_dosen\":\"Billy Eden William Asrul, S.Kom., MT.\",\"golongan\":\"ID_GOL-09\",\"jabatan_fungsional\":\"Asisten Ahli\",\"jabatan_struktural\":\"ID_JSTRUKTURAL-03\",\"keahlian\":\"ID_KEAHLIAN-07\",\"pendidikan\":\"ID_PENDIDIKAN-02\",\"kuota_bimbingan\":\"ID_KUOTA-10\",\"dosen_pembimbing\":\"Pembimbing 2\"}]');
INSERT INTO `tb_trsbimbingan` VALUES ('ID_TRANSAKSI-12', '2014020037', '0927038102', '00100116503', '[{\"nip\":\"0927038102\",\"nama_dosen\":\"Mirfan, S.Kom., MT., M.Kom.\",\"golongan\":\"ID_GOL-08\",\"jabatan_fungsional\":\"Lektor\",\"jabatan_struktural\":\"ID_JSTRUKTURAL-02\",\"keahlian\":\"ID_KEAHLIAN-06\",\"pendidikan\":\"ID_PENDIDIKAN-02\",\"kuota_bimbingan\":\"ID_KUOTA-02\",\"dosen_pembimbing\":\"Pembimbing 1\"},{\"nip\":\"00100116503\",\"nama_dosen\":\"Dr. Nasrullah, M.Si.\",\"golongan\":\"ID_GOL-06\",\"jabatan_fungsional\":\"Lektor\",\"jabatan_struktural\":\"ID_JSTRUKTURAL-02\",\"keahlian\":\"ID_KEAHLIAN-06\",\"pendidikan\":\"ID_PENDIDIKAN-01\",\"kuota_bimbingan\":\"ID_KUOTA-02\",\"dosen_pembimbing\":\"Pembimbing 2\"}]');
INSERT INTO `tb_trsbimbingan` VALUES ('ID_TRANSAKSI-13', '2014020118', '0927038102', '00100116503', '[{\"nip\":\"0927038102\",\"nama_dosen\":\"Mirfan, S.Kom., MT., M.Kom.\",\"golongan\":\"ID_GOL-08\",\"jabatan_fungsional\":\"Lektor\",\"jabatan_struktural\":\"ID_JSTRUKTURAL-02\",\"keahlian\":\"ID_KEAHLIAN-06\",\"pendidikan\":\"ID_PENDIDIKAN-02\",\"kuota_bimbingan\":\"ID_KUOTA-02\",\"dosen_pembimbing\":\"Pembimbing 1\"},{\"nip\":\"00100116503\",\"nama_dosen\":\"Dr. Nasrullah, M.Si.\",\"golongan\":\"ID_GOL-06\",\"jabatan_fungsional\":\"Lektor\",\"jabatan_struktural\":\"ID_JSTRUKTURAL-02\",\"keahlian\":\"ID_KEAHLIAN-06\",\"pendidikan\":\"ID_PENDIDIKAN-01\",\"kuota_bimbingan\":\"ID_KUOTA-02\",\"dosen_pembimbing\":\"Pembimbing 2\"}]');
INSERT INTO `tb_trsbimbingan` VALUES ('ID_TRANSAKSI-14', '2016020196', '0927038102', '00100116503', '[{\"nip\":\"0927038102\",\"nama_dosen\":\"Mirfan, S.Kom., MT., M.Kom.\",\"golongan\":\"ID_GOL-08\",\"jabatan_fungsional\":\"Lektor\",\"jabatan_struktural\":\"ID_JSTRUKTURAL-02\",\"keahlian\":\"ID_KEAHLIAN-06\",\"pendidikan\":\"ID_PENDIDIKAN-02\",\"kuota_bimbingan\":\"ID_KUOTA-02\",\"dosen_pembimbing\":\"Pembimbing 1\"},{\"nip\":\"00100116503\",\"nama_dosen\":\"Dr. Nasrullah, M.Si.\",\"golongan\":\"ID_GOL-06\",\"jabatan_fungsional\":\"Lektor\",\"jabatan_struktural\":\"ID_JSTRUKTURAL-02\",\"keahlian\":\"ID_KEAHLIAN-06\",\"pendidikan\":\"ID_PENDIDIKAN-01\",\"kuota_bimbingan\":\"ID_KUOTA-02\",\"dosen_pembimbing\":\"Pembimbing 2\"}]');
INSERT INTO `tb_trsbimbingan` VALUES ('ID_TRANSAKSI-15', '2015020173', '0927038102', '00100116503', '[{\"nip\":\"0927038102\",\"nama_dosen\":\"Mirfan, S.Kom., MT., M.Kom.\",\"golongan\":\"ID_GOL-08\",\"jabatan_fungsional\":\"Lektor\",\"jabatan_struktural\":\"ID_JSTRUKTURAL-02\",\"keahlian\":\"ID_KEAHLIAN-06\",\"pendidikan\":\"ID_PENDIDIKAN-02\",\"kuota_bimbingan\":\"ID_KUOTA-02\",\"dosen_pembimbing\":\"Pembimbing 1\"},{\"nip\":\"00100116503\",\"nama_dosen\":\"Dr. Nasrullah, M.Si.\",\"golongan\":\"ID_GOL-06\",\"jabatan_fungsional\":\"Lektor\",\"jabatan_struktural\":\"ID_JSTRUKTURAL-02\",\"keahlian\":\"ID_KEAHLIAN-06\",\"pendidikan\":\"ID_PENDIDIKAN-01\",\"kuota_bimbingan\":\"ID_KUOTA-02\",\"dosen_pembimbing\":\"Pembimbing 2\"}]');
INSERT INTO `tb_trsbimbingan` VALUES ('ID_TRANSAKSI-16', '2014020091', '0927038102', '00100116503', '[{\"nip\":\"0927038102\",\"nama_dosen\":\"Mirfan, S.Kom., MT., M.Kom.\",\"golongan\":\"ID_GOL-08\",\"jabatan_fungsional\":\"Lektor\",\"jabatan_struktural\":\"ID_JSTRUKTURAL-02\",\"keahlian\":\"ID_KEAHLIAN-06\",\"pendidikan\":\"ID_PENDIDIKAN-02\",\"kuota_bimbingan\":\"ID_KUOTA-02\",\"dosen_pembimbing\":\"Pembimbing 1\"},{\"nip\":\"00100116503\",\"nama_dosen\":\"Dr. Nasrullah, M.Si.\",\"golongan\":\"ID_GOL-06\",\"jabatan_fungsional\":\"Lektor\",\"jabatan_struktural\":\"ID_JSTRUKTURAL-02\",\"keahlian\":\"ID_KEAHLIAN-06\",\"pendidikan\":\"ID_PENDIDIKAN-01\",\"kuota_bimbingan\":\"ID_KUOTA-02\",\"dosen_pembimbing\":\"Pembimbing 2\"}]');
INSERT INTO `tb_trsbimbingan` VALUES ('ID_TRANSAKSI-17', '2014020034', '00100116503', '0010037501', '[{\"nip\":\"00100116503\",\"nama_dosen\":\"Dr. Nasrullah, M.Si.\",\"golongan\":\"ID_GOL-06\",\"jabatan_fungsional\":\"Lektor\",\"jabatan_struktural\":\"ID_JSTRUKTURAL-02\",\"keahlian\":\"ID_KEAHLIAN-06\",\"pendidikan\":\"ID_PENDIDIKAN-01\",\"kuota_bimbingan\":\"ID_KUOTA-02\",\"dosen_pembimbing\":\"Pembimbing 1\"},{\"nip\":\"0010037501\",\"nama_dosen\":\"Dr. Abdul Latief Arda, M.Si., M.Kom.\",\"golongan\":\"ID_GOL-07\",\"jabatan_fungsional\":\"Lektor\",\"jabatan_struktural\":\"ID_JSTRUKTURAL-03\",\"keahlian\":\"ID_KEAHLIAN-02\",\"pendidikan\":\"ID_PENDIDIKAN-01\",\"kuota_bimbingan\":\"ID_KUOTA-01\",\"dosen_pembimbing\":\"Pembimbing 2\"}]');
INSERT INTO `tb_trsbimbingan` VALUES ('ID_TRANSAKSI-18', '2014020034', '0010037501', '0920087704', '[{\"nip\":\"0010037501\",\"nama_dosen\":\"Dr. Abdul Latief Arda, M.Si., M.Kom.\",\"golongan\":\"ID_GOL-07\",\"jabatan_fungsional\":\"Lektor\",\"jabatan_struktural\":\"ID_JSTRUKTURAL-03\",\"keahlian\":\"ID_KEAHLIAN-02\",\"pendidikan\":\"ID_PENDIDIKAN-01\",\"kuota_bimbingan\":\"ID_KUOTA-01\",\"dosen_pembimbing\":\"Pembimbing 1\"},{\"nip\":\"0920087704\",\"nama_dosen\":\"Muhammad Risal., S.Kom., MT.\",\"golongan\":\"ID_GOL-07\",\"jabatan_fungsional\":\"Lektor\",\"jabatan_struktural\":\"ID_JSTRUKTURAL-03\",\"keahlian\":\"ID_KEAHLIAN-03\",\"pendidikan\":\"ID_PENDIDIKAN-02\",\"kuota_bimbingan\":\"ID_KUOTA-01\",\"dosen_pembimbing\":\"Pembimbing 2\"}]');
INSERT INTO `tb_trsbimbingan` VALUES ('ID_TRANSAKSI-19', '2014020090', '0010037501', '0920087704', '[{\"nip\":\"0010037501\",\"nama_dosen\":\"Dr. Abdul Latief Arda, M.Si., M.Kom.\",\"golongan\":\"ID_GOL-07\",\"jabatan_fungsional\":\"Lektor\",\"jabatan_struktural\":\"ID_JSTRUKTURAL-03\",\"keahlian\":\"ID_KEAHLIAN-02\",\"pendidikan\":\"ID_PENDIDIKAN-01\",\"kuota_bimbingan\":\"ID_KUOTA-01\",\"dosen_pembimbing\":\"Pembimbing 1\"},{\"nip\":\"0920087704\",\"nama_dosen\":\"Muhammad Risal., S.Kom., MT.\",\"golongan\":\"ID_GOL-07\",\"jabatan_fungsional\":\"Lektor\",\"jabatan_struktural\":\"ID_JSTRUKTURAL-03\",\"keahlian\":\"ID_KEAHLIAN-03\",\"pendidikan\":\"ID_PENDIDIKAN-02\",\"kuota_bimbingan\":\"ID_KUOTA-01\",\"dosen_pembimbing\":\"Pembimbing 2\"}]');
INSERT INTO `tb_trsbimbingan` VALUES ('ID_TRANSAKSI-20', '2013020074', '0010037501', '0903127202', '[{\"nip\":\"0010037501\",\"nama_dosen\":\"Dr. Abdul Latief Arda, M.Si., M.Kom.\",\"golongan\":\"ID_GOL-07\",\"jabatan_fungsional\":\"Lektor\",\"jabatan_struktural\":\"ID_JSTRUKTURAL-03\",\"keahlian\":\"ID_KEAHLIAN-02\",\"pendidikan\":\"ID_PENDIDIKAN-01\",\"kuota_bimbingan\":\"ID_KUOTA-01\",\"dosen_pembimbing\":\"Pembimbing 1\"},{\"nip\":\"0903127202\",\"nama_dosen\":\"Guntur, S.Kom., MT.\",\"golongan\":\"ID_GOL-08\",\"jabatan_fungsional\":\"Asisten Ahli\",\"jabatan_struktural\":\"ID_JSTRUKTURAL-03\",\"keahlian\":\"ID_KEAHLIAN-02\",\"pendidikan\":\"ID_PENDIDIKAN-02\",\"kuota_bimbingan\":\"ID_KUOTA-02\",\"dosen_pembimbing\":\"Pembimbing 2\"}]');
INSERT INTO `tb_trsbimbingan` VALUES ('ID_TRANSAKSI-21', '2014020156', '0010037501', '0903127202', '[{\"nip\":\"0010037501\",\"nama_dosen\":\"Dr. Abdul Latief Arda, M.Si., M.Kom.\",\"golongan\":\"ID_GOL-07\",\"jabatan_fungsional\":\"Lektor\",\"jabatan_struktural\":\"ID_JSTRUKTURAL-03\",\"keahlian\":\"ID_KEAHLIAN-02\",\"pendidikan\":\"ID_PENDIDIKAN-01\",\"kuota_bimbingan\":\"ID_KUOTA-01\",\"dosen_pembimbing\":\"Pembimbing 1\"},{\"nip\":\"0903127202\",\"nama_dosen\":\"Guntur, S.Kom., MT.\",\"golongan\":\"ID_GOL-08\",\"jabatan_fungsional\":\"Asisten Ahli\",\"jabatan_struktural\":\"ID_JSTRUKTURAL-03\",\"keahlian\":\"ID_KEAHLIAN-02\",\"pendidikan\":\"ID_PENDIDIKAN-02\",\"kuota_bimbingan\":\"ID_KUOTA-02\",\"dosen_pembimbing\":\"Pembimbing 2\"}]');
INSERT INTO `tb_trsbimbingan` VALUES ('ID_TRANSAKSI-22', '2015020025', '0928038902', '0914058403', '[{\"nip\":\"0928038902\",\"nama_dosen\":\"Muhammad Akbar., S.Kom., M.Kom.\",\"golongan\":\"ID_GOL-08\",\"jabatan_fungsional\":\"Asisten Ahli\",\"jabatan_struktural\":\"ID_JSTRUKTURAL-03\",\"keahlian\":\"ID_KEAHLIAN-02\",\"pendidikan\":\"ID_PENDIDIKAN-02\",\"kuota_bimbingan\":\"ID_KUOTA-01\",\"dosen_pembimbing\":\"Pembimbing 1\"},{\"nip\":\"0914058403\",\"nama_dosen\":\"Dr.Eng. Yuyun, S.Kom.MT.\",\"golongan\":\"ID_GOL-09\",\"jabatan_fungsional\":\"Lektor\",\"jabatan_struktural\":\"ID_JSTRUKTURAL-02\",\"keahlian\":\"ID_KEAHLIAN-06\",\"pendidikan\":\"ID_PENDIDIKAN-01\",\"kuota_bimbingan\":\"ID_KUOTA-01\",\"dosen_pembimbing\":\"Pembimbing 2\"}]');

SET FOREIGN_KEY_CHECKS = 1;
